source_id,mondo_id,prefix,normalized,status
MONDO:0000358,MONDO:0000358,MONDO,False,already_mondo
EFO:0006890,,EFO,False,unmapped
EFO:0004705,MONDO:0005420,EFO,True,mapped
EFO:0004212,MONDO:0005348,EFO,True,mapped
Orphanet:52901,MONDO:0009239,Orphanet,True,mapped
EFO:1001461,,EFO,False,unmapped
EFO:0000564,MONDO:0005058,EFO,True,mapped
MONDO:0010121,MONDO:0010121,MONDO,False,already_mondo
MONDO:0002108,MONDO:0002108,MONDO,False,already_mondo
EFO:0001376,MONDO:0010434,EFO,True,mapped
EFO:0008528,MONDO:0040679,EFO,True,mapped
MONDO:0008523,MONDO:0008523,MONDO,False,already_mondo
MONDO:0010891,MONDO:0010891,MONDO,False,already_mondo
MONDO:0020310,MONDO:0020310,MONDO,False,already_mondo
EFO:0021901,,EFO,False,unmapped
EFO:0005140,,EFO,False,unmapped
GO:0009410,,GO,False,skipped_prefix
EFO:0009709,MONDO:0024883,EFO,True,mapped
MONDO:0004483,MONDO:0004483,MONDO,False,already_mondo
EFO:0003818,MONDO:0005275,EFO,True,mapped
EFO:0022148,,EFO,False,unmapped
EFO:0000771,MONDO:0005113,EFO,True,mapped
EFO:0006335,,EFO,False,unmapped
EFO:0000537,MONDO:0005044,EFO,True,mapped
MONDO:0014248,MONDO:0014248,MONDO,False,already_mondo
EFO:0003767,MONDO:0005265,EFO,True,mapped
EFO:0000400,MONDO:0005015,EFO,True,mapped
MONDO:0011142,MONDO:0011142,MONDO,False,already_mondo
MONDO:0008170,MONDO:0008170,MONDO,False,already_mondo
HP:0040187,,HP,False,skipped_prefix
EFO:1002000,MONDO:0019018,EFO,True,mapped
MONDO:0004992,MONDO:0004992,MONDO,False,already_mondo
MONDO:0021201,MONDO:0021201,MONDO,False,already_mondo
OBA:1000840,,OBA,False,skipped_prefix
EFO:0003756,MONDO:0005258,EFO,True,mapped
MONDO:0010356,MONDO:0010356,MONDO,False,already_mondo
MONDO:0008280,MONDO:0008280,MONDO,False,already_mondo
HP:0001270,,HP,False,skipped_prefix
MONDO:0005271,MONDO:0005271,MONDO,False,already_mondo
MONDO:0021681,MONDO:0021681,MONDO,False,already_mondo
EFO:0004194,MONDO:0005342,EFO,True,mapped
EFO:0004142,MONDO:0005335,EFO,True,mapped
EFO:0000401,MONDO:0005016,EFO,True,mapped
EFO:0000335,MONDO:0017885,EFO,True,mapped
HP:0002015,,HP,False,skipped_prefix
MONDO:0010720,MONDO:0010720,MONDO,False,already_mondo
EFO:1001248,,EFO,False,unmapped
MONDO:0004986,MONDO:0004986,MONDO,False,already_mondo
EFO:0003918,MONDO:0007147,EFO,True,mapped
MONDO:0019306,MONDO:0019306,MONDO,False,already_mondo
EFO:0004243,MONDO:0005369,EFO,True,mapped
EFO:0007485,MONDO:0005960,EFO,True,mapped
MONDO:0011382,MONDO:0011382,MONDO,False,already_mondo
MONDO:0044721,MONDO:0044721,MONDO,False,already_mondo
EFO:0009765,,EFO,False,unmapped
Orphanet:1473,MONDO:0007355,Orphanet,True,mapped
EFO:0001422,MONDO:0005155,EFO,True,mapped
MONDO:0008315,MONDO:0008315,MONDO,False,already_mondo
Orphanet:602,MONDO:0011603,Orphanet,True,mapped
OBA:0003277,,OBA,False,skipped_prefix
MONDO:0024477,MONDO:0024477,MONDO,False,already_mondo
EFO:1001968,MONDO:0018078,EFO,True,mapped
EFO:1000018,MONDO:0006026,EFO,True,mapped
EFO:0004211,MONDO:0005347,EFO,True,mapped
EFO:0007330,MONDO:0005814,EFO,True,mapped
EFO:0004995,,EFO,False,unmapped
MONDO:0001085,MONDO:0001085,MONDO,False,already_mondo
EFO:0004530,,EFO,False,unmapped
EFO:0000504,MONDO:0005037,EFO,True,mapped
MONDO:0009724,MONDO:0009724,MONDO,False,already_mondo
EFO:0020865,,EFO,False,unmapped
MONDO:0010015,MONDO:0010015,MONDO,False,already_mondo
HP:0001873,,HP,False,skipped_prefix
MONDO:0009061,MONDO:0009061,MONDO,False,already_mondo
MONDO:0016064,MONDO:0016064,MONDO,False,already_mondo
MONDO:0957594,MONDO:0957594,MONDO,False,already_mondo
EFO:0003914,MONDO:0005311,EFO,True,mapped
EFO:0009085,,EFO,False,unmapped
MONDO:0021156,MONDO:0021156,MONDO,False,already_mondo
MONDO:0013588,MONDO:0013588,MONDO,False,already_mondo
MONDO:0017795,MONDO:0017795,MONDO,False,already_mondo
EFO:0000571,MONDO:0005061,EFO,True,mapped
EFO:0022237,,EFO,False,unmapped
EFO:0008572,,EFO,False,unmapped
MONDO:0010383,MONDO:0010383,MONDO,False,already_mondo
EFO:0000717,MONDO:0005100,EFO,True,mapped
OBA:2040561,,OBA,False,skipped_prefix
MONDO:0032845,MONDO:0032845,MONDO,False,already_mondo
EFO:0010134,,EFO,False,unmapped
EFO:0009130,,EFO,False,unmapped
EFO:1000821,MONDO:0006660,EFO,True,mapped
MONDO:0008006,MONDO:0008006,MONDO,False,already_mondo
EFO:1001050,MONDO:0007803,EFO,True,mapped
OBA:2042538,,OBA,False,skipped_prefix
EFO:0000365,MONDO:0005008,EFO,True,mapped
EFO:0006738,MONDO:0005615,EFO,True,mapped
EFO:0002430,MONDO:0009692,EFO,True,mapped
EFO:1001928,MONDO:0018510,EFO,True,mapped
EFO:0022317,,EFO,False,unmapped
EFO:0000232,MONDO:0004972,EFO,True,mapped
EFO:0003032,MONDO:0020325,EFO,True,mapped
EFO:0005701,MONDO:0002728,EFO,True,mapped
MONDO:0700044,MONDO:0700044,MONDO,False,already_mondo
EFO:1001051,MONDO:0009691,EFO,True,mapped
EFO:1001901,MONDO:0019496,EFO,True,mapped
EFO:0006544,MONDO:0005611,EFO,True,mapped
MONDO:0004286,MONDO:0004286,MONDO,False,already_mondo
MONDO:0016780,MONDO:0016780,MONDO,False,already_mondo
MONDO:0021148,MONDO:0021148,MONDO,False,already_mondo
MONDO:0002334,MONDO:0002334,MONDO,False,already_mondo
EFO:0007874,,EFO,False,unmapped
MONDO:0013934,MONDO:0013934,MONDO,False,already_mondo
MONDO:0002974,MONDO:0002974,MONDO,False,already_mondo
MONDO:0009216,MONDO:0009216,MONDO,False,already_mondo
EFO:0007218,MONDO:0017361,EFO,True,mapped
EFO:0002939,MONDO:0007959,EFO,True,mapped
EFO:0000549,MONDO:0005048,EFO,True,mapped
MONDO:0007254,MONDO:0007254,MONDO,False,already_mondo
HP:0009726,,HP,False,skipped_prefix
MONDO:0023161,MONDO:0023161,MONDO,False,already_mondo
MONDO:0004643,MONDO:0004643,MONDO,False,already_mondo
MONDO:0018630,MONDO:0018630,MONDO,False,already_mondo
EFO:0005423,MONDO:0005488,EFO,True,mapped
MONDO:0008733,MONDO:0008733,MONDO,False,already_mondo
Orphanet:75376,MONDO:0007471,Orphanet,True,mapped
EFO:1000158,MONDO:0006130,EFO,True,mapped
MONDO:0002691,MONDO:0002691,MONDO,False,already_mondo
MONDO:0002207,MONDO:0002207,MONDO,False,already_mondo
MONDO:0005041,MONDO:0005041,MONDO,False,already_mondo
EFO:1001999,MONDO:0019434,EFO,True,mapped
MONDO:0007496,MONDO:0007496,MONDO,False,already_mondo
MONDO:0007809,MONDO:0007809,MONDO,False,already_mondo
EFO:1002049,MONDO:0019722,EFO,True,mapped
HP:0002783,,HP,False,skipped_prefix
EFO:0010702,,EFO,False,unmapped
Orphanet:199348,MONDO:0011841,Orphanet,True,mapped
MONDO:0021251,MONDO:0021251,MONDO,False,already_mondo
EFO:1001109,MONDO:0006909,EFO,True,mapped
EFO:0001074,MONDO:0005139,EFO,True,mapped
MONDO:0018875,MONDO:0018875,MONDO,False,already_mondo
EFO:0007292,MONDO:0016218,EFO,True,mapped
EFO:0004287,MONDO:0000190,EFO,True,mapped
MONDO:0003783,MONDO:0003783,MONDO,False,already_mondo
EFO:0000756,MONDO:0005105,EFO,True,mapped
MONDO:0014048,MONDO:0014048,MONDO,False,already_mondo
MONDO:0016642,MONDO:0016642,MONDO,False,already_mondo
MONDO:0005575,MONDO:0005575,MONDO,False,already_mondo
MONDO:0015674,MONDO:0015674,MONDO,False,already_mondo
MONDO:0015459,MONDO:0015459,MONDO,False,already_mondo
EFO:0001075,MONDO:0005140,EFO,True,mapped
Orphanet:88643,MONDO:0019506,Orphanet,True,mapped
OBA:VT0001253,,OBA,False,skipped_prefix
EFO:0004517,,EFO,False,unmapped
MONDO:0009629,MONDO:0009629,MONDO,False,already_mondo
EFO:0005225,MONDO:0005459,EFO,True,mapped
EFO:0002503,,EFO,False,unmapped
EFO:1001475,MONDO:0015254,EFO,True,mapped
EFO:0022254,,EFO,False,unmapped
EFO:0007986,,EFO,False,unmapped
HP:0003074,,HP,False,skipped_prefix
EFO:0005407,MONDO:0005485,EFO,True,mapped
MONDO:0008921,MONDO:0008921,MONDO,False,already_mondo
Orphanet:2278,MONDO:0009446,Orphanet,True,mapped
EFO:0005622,MONDO:0005532,EFO,True,mapped
MONDO:0018899,MONDO:0018899,MONDO,False,already_mondo
MONDO:0012725,MONDO:0012725,MONDO,False,already_mondo
EFO:0001668,MONDO:0005161,EFO,True,mapped
EFO:0000222,MONDO:0018874,EFO,True,mapped
EFO:0005241,,EFO,False,unmapped
EFO:0000349,MONDO:0005005,EFO,True,mapped
MONDO:0007152,MONDO:0007152,MONDO,False,already_mondo
HP:0003073,,HP,False,skipped_prefix
EFO:0000769,MONDO:0005111,EFO,True,mapped
HP:0011675,,HP,False,skipped_prefix
EFO:0003855,MONDO:0005288,EFO,True,mapped
EFO:0001064,MONDO:0008608,EFO,True,mapped
MONDO:0002257,MONDO:0002257,MONDO,False,already_mondo
EFO:0009860,,EFO,False,unmapped
EFO:0004468,,EFO,False,unmapped
EFO:1001469,MONDO:0018876,EFO,True,mapped
EFO:1001760,MONDO:0018815,EFO,True,mapped
EFO:0022008,,EFO,False,unmapped
MONDO:0016700,MONDO:0016700,MONDO,False,already_mondo
EFO:0000508,MONDO:0003847,EFO,True,mapped
EFO:0003966,MONDO:0005328,EFO,True,mapped
OBA:VT0010046,,OBA,False,skipped_prefix
MONDO:0010788,MONDO:0010788,MONDO,False,already_mondo
HP:0006536,,HP,False,skipped_prefix
HP:0001397,,HP,False,skipped_prefix
MONDO:0033262,MONDO:0033262,MONDO,False,already_mondo
MONDO:0020761,MONDO:0020761,MONDO,False,already_mondo
MONDO:0045063,MONDO:0045063,MONDO,False,already_mondo
EFO:0801819,,EFO,False,unmapped
EFO:0004906,MONDO:0005438,EFO,True,mapped
MONDO:0008411,MONDO:0008411,MONDO,False,already_mondo
EFO:1000155,MONDO:0000525,EFO,True,mapped
EFO:0000544,,EFO,False,unmapped
OBA:2040646,,OBA,False,skipped_prefix
HP:0001952,,HP,False,skipped_prefix
MONDO:0042491,MONDO:0042491,MONDO,False,already_mondo
MONDO:0012675,MONDO:0012675,MONDO,False,already_mondo
EFO:1000897,MONDO:0012819,EFO,True,mapped
EFO:0600064,,EFO,False,unmapped
EFO:0004541,,EFO,False,unmapped
MONDO:0004892,MONDO:0004892,MONDO,False,already_mondo
EFO:0007800,,EFO,False,unmapped
MONDO:0016761,MONDO:0016761,MONDO,False,already_mondo
MONDO:0014810,MONDO:0014810,MONDO,False,already_mondo
EFO:0000685,MONDO:0008383,EFO,True,mapped
EFO:0009946,,EFO,False,unmapped
MONDO:0003036,MONDO:0003036,MONDO,False,already_mondo
MONDO:0002898,MONDO:0002898,MONDO,False,already_mondo
EFO:0010968,,EFO,False,unmapped
EFO:0005922,MONDO:0005580,EFO,True,mapped
EFO:0000464,MONDO:0004849,EFO,True,mapped
HP:0010992,,HP,False,skipped_prefix
EFO:1001436,,EFO,False,unmapped
EFO:1001249,MONDO:0007027,EFO,True,mapped
EFO:0001358,MONDO:0005146,EFO,True,mapped
MONDO:0018177,MONDO:0018177,MONDO,False,already_mondo
EFO:0000556,,EFO,False,unmapped
EFO:1001434,MONDO:0100010,EFO,True,mapped
EFO:0011052,,EFO,False,unmapped
EFO:0000676,MONDO:0005083,EFO,True,mapped
EFO:0000763,MONDO:0005108,EFO,True,mapped
MONDO:0008233,MONDO:0008233,MONDO,False,already_mondo
MONDO:0009830,MONDO:0009830,MONDO,False,already_mondo
EFO:0803548,,EFO,False,unmapped
MONDO:0017967,MONDO:0017967,MONDO,False,already_mondo
EFO:0000319,MONDO:0004995,EFO,True,mapped
MONDO:0019524,MONDO:0019524,MONDO,False,already_mondo
EFO:0003898,MONDO:0005306,EFO,True,mapped
HP:0000356,,HP,False,skipped_prefix
Orphanet:276399,MONDO:0007681,Orphanet,True,mapped
MONDO:0020546,MONDO:0020546,MONDO,False,already_mondo
EFO:1000203,MONDO:0006170,EFO,True,mapped
MONDO:0019402,MONDO:0019402,MONDO,False,already_mondo
MONDO:0010463,MONDO:0010463,MONDO,False,already_mondo
EFO:0005772,MONDO:0005559,EFO,True,mapped
MONDO:0005147,MONDO:0005147,MONDO,False,already_mondo
MONDO:0007700,MONDO:0007700,MONDO,False,already_mondo
EFO:0001063,,EFO,False,unmapped
EFO:0007231,MONDO:0015484,EFO,True,mapped
OBA:2050096,,OBA,False,skipped_prefix
EFO:1000233,MONDO:0006192,EFO,True,mapped
EFO:1000796,MONDO:0006639,EFO,True,mapped
EFO:0009589,,EFO,False,unmapped
EFO:0000339,MONDO:0011996,EFO,True,mapped
MONDO:0005148,MONDO:0005148,MONDO,False,already_mondo
EFO:1001857,MONDO:0017991,EFO,True,mapped
EFO:0003095,MONDO:0013209,EFO,True,mapped
MONDO:0011456,MONDO:0011456,MONDO,False,already_mondo
MONDO:0003916,MONDO:0003916,MONDO,False,already_mondo
MONDO:0015701,MONDO:0015701,MONDO,False,already_mondo
MONDO:0004580,MONDO:0004580,MONDO,False,already_mondo
EFO:0000313,MONDO:0004993,EFO,True,mapped
MONDO:0016107,MONDO:0016107,MONDO,False,already_mondo
EFO:0007141,MONDO:0005642,EFO,True,mapped
MONDO:0100574,MONDO:0100574,MONDO,False,already_mondo
EFO:0000432,MONDO:0005023,EFO,True,mapped
OBA:2041840,,OBA,False,skipped_prefix
EFO:0006352,MONDO:0005595,EFO,True,mapped
EFO:0004528,,EFO,False,unmapped
EFO:1000044,MONDO:0006047,EFO,True,mapped
MONDO:0003825,MONDO:0003825,MONDO,False,already_mondo
EFO:1001034,MONDO:0006849,EFO,True,mapped
HP:0002135,,HP,False,skipped_prefix
EFO:0004239,MONDO:0005366,EFO,True,mapped
EFO:1000652,MONDO:0006515,EFO,True,mapped
Orphanet:597,MONDO:0007294,Orphanet,True,mapped
MONDO:0012209,MONDO:0012209,MONDO,False,already_mondo
EFO:0008527,,EFO,False,unmapped
MONDO:0012450,MONDO:0012450,MONDO,False,already_mondo
MONDO:0013284,MONDO:0013284,MONDO,False,already_mondo
Orphanet:79478,MONDO:0012220,Orphanet,True,mapped
MONDO:0013427,MONDO:0013427,MONDO,False,already_mondo
EFO:0022236,,EFO,False,unmapped
EFO:0000677,MONDO:0005084,EFO,True,mapped
EFO:1000359,MONDO:0009831,EFO,True,mapped
OBA:2045223,,OBA,False,skipped_prefix
EFO:1001951,MONDO:0024331,EFO,True,mapped
MONDO:0009619,MONDO:0009619,MONDO,False,already_mondo
EFO:1001904,,EFO,False,unmapped
EFO:1001942,MONDO:0002806,EFO,True,mapped
MONDO:0024280,MONDO:0024280,MONDO,False,already_mondo
MONDO:0011661,MONDO:0011661,MONDO,False,already_mondo
Orphanet:79311,MONDO:0009614,Orphanet,True,mapped
HP:0001732,,HP,False,skipped_prefix
EFO:0000712,MONDO:0005098,EFO,True,mapped
EFO:0007834,,EFO,False,unmapped
MONDO:0001999,MONDO:0001999,MONDO,False,already_mondo
EFO:1001517,MONDO:0000494,EFO,True,mapped
EFO:0003894,MONDO:0011438,EFO,True,mapped
EFO:0009594,,EFO,False,unmapped
EFO:1002050,MONDO:0001166,EFO,True,mapped
MONDO:0014439,MONDO:0014439,MONDO,False,already_mondo
Orphanet:1368,MONDO:0008928,Orphanet,True,mapped
OBA:VT0000047,,OBA,False,skipped_prefix
MONDO:0007540,MONDO:0007540,MONDO,False,already_mondo
EFO:1001326,,EFO,False,unmapped
EFO:0005246,MONDO:0005466,EFO,True,mapped
EFO:1000229,MONDO:0006189,EFO,True,mapped
MONDO:0021512,MONDO:0021512,MONDO,False,already_mondo
OBA:VT0000217,,OBA,False,skipped_prefix
MONDO:0002331,MONDO:0002331,MONDO,False,already_mondo
Orphanet:101075,MONDO:0010549,Orphanet,True,mapped
EFO:1001836,,EFO,False,unmapped
MONDO:0011414,MONDO:0011414,MONDO,False,already_mondo
MONDO:0030531,MONDO:0030531,MONDO,False,already_mondo
EFO:0003882,MONDO:0005298,EFO,True,mapped
MONDO:0018604,MONDO:0018604,MONDO,False,already_mondo
EFO:0000734,MONDO:0020696,EFO,True,mapped
EFO:0005547,MONDO:0005502,EFO,True,mapped
MONDO:0009426,MONDO:0009426,MONDO,False,already_mondo
MONDO:0018906,MONDO:0018906,MONDO,False,already_mondo
EFO:0003839,MONDO:0005283,EFO,True,mapped
MONDO:0018088,MONDO:0018088,MONDO,False,already_mondo
EFO:0002687,MONDO:0005203,EFO,True,mapped
EFO:1001451,MONDO:0010730,EFO,True,mapped
EFO:0000389,MONDO:0005012,EFO,True,mapped
EFO:1001047,MONDO:0006858,EFO,True,mapped
EFO:1000809,MONDO:0006649,EFO,True,mapped
OBA:VT0015043,,OBA,False,skipped_prefix
EFO:0005803,MONDO:0005570,EFO,True,mapped
MONDO:0008231,MONDO:0008231,MONDO,False,already_mondo
EFO:0004340,,EFO,False,unmapped
EFO:0005717,MONDO:0018161,EFO,True,mapped
MONDO:0100114,MONDO:0100114,MONDO,False,already_mondo
EFO:0004305,,EFO,False,unmapped
MONDO:0016060,MONDO:0016060,MONDO,False,already_mondo
MONDO:0100135,MONDO:0100135,MONDO,False,already_mondo
EFO:0004718,MONDO:0004648,EFO,True,mapped
MONDO:0011804,MONDO:0011804,MONDO,False,already_mondo
MONDO:0013615,MONDO:0013615,MONDO,False,already_mondo
MONDO:0017317,MONDO:0017317,MONDO,False,already_mondo
EFO:0004289,MONDO:0005402,EFO,True,mapped
EFO:0005232,MONDO:0005461,EFO,True,mapped
MONDO:0004985,MONDO:0004985,MONDO,False,already_mondo
MONDO:0009486,MONDO:0009486,MONDO,False,already_mondo
MONDO:0002026,MONDO:0002026,MONDO,False,already_mondo
MONDO:0014334,MONDO:0014334,MONDO,False,already_mondo
EFO:0002617,MONDO:0005191,EFO,True,mapped
EFO:1001209,MONDO:0008538,EFO,True,mapped
MONDO:0044348,MONDO:0044348,MONDO,False,already_mondo
Orphanet:277,MONDO:0007064,Orphanet,True,mapped
MONDO:0007389,MONDO:0007389,MONDO,False,already_mondo
HP:0002032,,HP,False,skipped_prefix
EFO:0005773,MONDO:0008375,EFO,True,mapped
Orphanet:169446,,Orphanet,False,unmapped
MONDO:0003758,MONDO:0003758,MONDO,False,already_mondo
MONDO:0014789,MONDO:0014789,MONDO,False,already_mondo
EFO:0009805,,EFO,False,unmapped
MONDO:0016381,MONDO:0016381,MONDO,False,already_mondo
EFO:0006566,,EFO,False,unmapped
MONDO:0016294,MONDO:0016294,MONDO,False,already_mondo
EFO:0002616,,EFO,False,unmapped
EFO:0000326,MONDO:0002714,EFO,True,mapped
EFO:0006340,,EFO,False,unmapped
MONDO:0100281,MONDO:0100281,MONDO,False,already_mondo
EFO:0007990,,EFO,False,unmapped
EFO:0003884,MONDO:0005300,EFO,True,mapped
MONDO:0007376,MONDO:0007376,MONDO,False,already_mondo
EFO:0006859,MONDO:0005627,EFO,True,mapped
MONDO:0008618,MONDO:0008618,MONDO,False,already_mondo
MONDO:0024540,MONDO:0024540,MONDO,False,already_mondo
HP:0012115,,HP,False,skipped_prefix
OBA:VT0005416,,OBA,False,skipped_prefix
EFO:0009449,MONDO:0003085,EFO,True,mapped
MONDO:0018945,MONDO:0018945,MONDO,False,already_mondo
MONDO:0011569,MONDO:0011569,MONDO,False,already_mondo
OBA:2050062,,OBA,False,skipped_prefix
MONDO:0017349,MONDO:0017349,MONDO,False,already_mondo
Orphanet:585,MONDO:0010088,Orphanet,True,mapped
EFO:0005207,MONDO:0005453,EFO,True,mapped
EFO:0009708,,EFO,False,unmapped
EFO:0004247,MONDO:0005371,EFO,True,mapped
EFO:0000729,MONDO:0005101,EFO,True,mapped
MONDO:0016558,MONDO:0016558,MONDO,False,already_mondo
EFO:0007405,MONDO:0005885,EFO,True,mapped
HP:0100582,,HP,False,skipped_prefix
EFO:1001176,MONDO:0020678,EFO,True,mapped
EFO:0000612,MONDO:0005068,EFO,True,mapped
EFO:0000095,MONDO:0004948,EFO,True,mapped
OBA:0004528,,OBA,False,skipped_prefix
MONDO:0100319,MONDO:0100319,MONDO,False,already_mondo
HP:0040270,,HP,False,skipped_prefix
EFO:0003888,MONDO:0007743,EFO,True,mapped
EFO:1001312,MONDO:0000918,EFO,True,mapped
MONDO:0009872,MONDO:0009872,MONDO,False,already_mondo
EFO:1000478,MONDO:0006373,EFO,True,mapped
MONDO:0001134,MONDO:0001134,MONDO,False,already_mondo
MONDO:0014172,MONDO:0014172,MONDO,False,already_mondo
EFO:0004509,,EFO,False,unmapped
MONDO:0008982,MONDO:0008982,MONDO,False,already_mondo
EFO:0001378,MONDO:0009693,EFO,True,mapped
EFO:0007540,,EFO,False,unmapped
EFO:0801555,,EFO,False,unmapped
EFO:0022337,,EFO,False,unmapped
MONDO:0033554,MONDO:0033554,MONDO,False,already_mondo
EFO:1001927,,EFO,False,unmapped
EFO:0009071,,EFO,False,unmapped
EFO:0003029,MONDO:0019458,EFO,True,mapped
MONDO:0014137,MONDO:0014137,MONDO,False,already_mondo
MONDO:0009655,MONDO:0009655,MONDO,False,already_mondo
MONDO:0008903,MONDO:0008903,MONDO,False,already_mondo
EFO:0001663,MONDO:0005159,EFO,True,mapped
EFO:0004288,MONDO:0005401,EFO,True,mapped
EFO:0007328,MONDO:0005812,EFO,True,mapped
MONDO:0008521,MONDO:0008521,MONDO,False,already_mondo
MONDO:0019736,MONDO:0019736,MONDO,False,already_mondo
EFO:0003769,MONDO:0002082,EFO,True,mapped
HP:0000739,,HP,False,skipped_prefix
EFO:0004462,,EFO,False,unmapped
EFO:0010642,MONDO:0700092,EFO,True,mapped
MONDO:0007340,MONDO:0007340,MONDO,False,already_mondo
EFO:0004265,MONDO:0005386,EFO,True,mapped
MONDO:0021355,MONDO:0021355,MONDO,False,already_mondo
EFO:0007456,,EFO,False,unmapped
EFO:1000116,MONDO:0000646,EFO,True,mapped
MONDO:0009901,MONDO:0009901,MONDO,False,already_mondo
MONDO:0007888,MONDO:0007888,MONDO,False,already_mondo
EFO:0000708,MONDO:0005097,EFO,True,mapped
MONDO:0015300,MONDO:0015300,MONDO,False,already_mondo
EFO:0000681,MONDO:0005086,EFO,True,mapped
EFO:0003100,MONDO:0005244,EFO,True,mapped
EFO:0006834,,EFO,False,unmapped
EFO:0003762,,EFO,False,unmapped
MONDO:0800195,MONDO:0800195,MONDO,False,already_mondo
EFO:0005815,MONDO:0005574,EFO,True,mapped
MONDO:0016683,MONDO:0016683,MONDO,False,already_mondo
HP:0001250,,HP,False,skipped_prefix
EFO:0003014,MONDO:0005219,EFO,True,mapped
MONDO:0020121,MONDO:0020121,MONDO,False,already_mondo
MONDO:0016525,MONDO:0016525,MONDO,False,already_mondo
EFO:1000619,MONDO:0006489,EFO,True,mapped
EFO:0004346,,EFO,False,unmapped
EFO:0004152,MONDO:0001595,EFO,True,mapped
EFO:0005802,,EFO,False,unmapped
MONDO:0007987,MONDO:0007987,MONDO,False,already_mondo
MONDO:0019202,MONDO:0019202,MONDO,False,already_mondo
EFO:1000636,,EFO,False,unmapped
EFO:0000699,MONDO:0010030,EFO,True,mapped
MONDO:0002907,MONDO:0002907,MONDO,False,already_mondo
EFO:0022145,,EFO,False,unmapped
MONDO:0017400,MONDO:0017400,MONDO,False,already_mondo
EFO:0021897,,EFO,False,unmapped
MONDO:0014403,MONDO:0014403,MONDO,False,already_mondo
EFO:0010266,,EFO,False,unmapped
MONDO:0007573,MONDO:0007573,MONDO,False,already_mondo
MONDO:0017979,MONDO:0017979,MONDO,False,already_mondo
EFO:1002048,MONDO:0001106,EFO,True,mapped
MONDO:0007635,MONDO:0007635,MONDO,False,already_mondo
OBA:2043190,,OBA,False,skipped_prefix
EFO:0000760,MONDO:0017827,EFO,True,mapped
EFO:0000186,MONDO:0004953,EFO,True,mapped
EFO:0002623,MONDO:0005195,EFO,True,mapped
EFO:1000172,MONDO:0006143,EFO,True,mapped
EFO:1001467,MONDO:0015691,EFO,True,mapped
EFO:0803382,,EFO,False,unmapped
MONDO:0018075,MONDO:0018075,MONDO,False,already_mondo
MONDO:0004557,MONDO:0004557,MONDO,False,already_mondo
EFO:0022238,,EFO,False,unmapped
EFO:1000485,MONDO:0003308,EFO,True,mapped
EFO:1001875,MONDO:0019065,EFO,True,mapped
EFO:1000627,MONDO:0003240,EFO,True,mapped
EFO:0004911,MONDO:0005439,EFO,True,mapped
MONDO:0002025,MONDO:0002025,MONDO,False,already_mondo
HP:0001300,,HP,False,skipped_prefix
MONDO:0970943,MONDO:0970943,MONDO,False,already_mondo
EFO:1000156,MONDO:0006128,EFO,True,mapped
MONDO:0008840,MONDO:0008840,MONDO,False,already_mondo
MONDO:0008073,MONDO:0008073,MONDO,False,already_mondo
HP:0001822,,HP,False,skipped_prefix
EFO:0000309,MONDO:0007243,EFO,True,mapped
HP:0002315,,HP,False,skipped_prefix
EFO:0000512,MONDO:0005039,EFO,True,mapped
MONDO:0005277,MONDO:0005277,MONDO,False,already_mondo
EFO:1001078,MONDO:0006882,EFO,True,mapped
EFO:0000519,MONDO:0018177,EFO,True,mapped
EFO:0005537,MONDO:0005494,EFO,True,mapped
Orphanet:69076,MONDO:0009297,Orphanet,True,mapped
EFO:1000417,MONDO:0006336,EFO,True,mapped
EFO:1000727,MONDO:0006573,EFO,True,mapped
EFO:0007344,MONDO:0005825,EFO,True,mapped
HP:0003040,,HP,False,skipped_prefix
Orphanet:1334,MONDO:0015279,Orphanet,True,mapped
MONDO:0014550,MONDO:0014550,MONDO,False,already_mondo
MONDO:0005351,MONDO:0005351,MONDO,False,already_mondo
EFO:0010681,,EFO,False,unmapped
MONDO:0002120,MONDO:0002120,MONDO,False,already_mondo
EFO:0007494,MONDO:0005968,EFO,True,mapped
MONDO:0001149,MONDO:0001149,MONDO,False,already_mondo
EFO:1000601,MONDO:0006474,EFO,True,mapped
Orphanet:85199,MONDO:0011287,Orphanet,True,mapped
MONDO:0021117,MONDO:0021117,MONDO,False,already_mondo
EFO:1001219,MONDO:0008599,EFO,True,mapped
EFO:0003770,MONDO:0005266,EFO,True,mapped
EFO:0004259,MONDO:0005380,EFO,True,mapped
MONDO:0009239,MONDO:0009239,MONDO,False,already_mondo
EFO:0003768,MONDO:0008575,EFO,True,mapped
EFO:0001066,MONDO:0005134,EFO,True,mapped
MONDO:0018531,MONDO:0018531,MONDO,False,already_mondo
EFO:0009606,MONDO:0003004,EFO,True,mapped
MONDO:0019145,MONDO:0019145,MONDO,False,already_mondo
MONDO:0008380,MONDO:0008380,MONDO,False,already_mondo
EFO:0801229,,EFO,False,unmapped
EFO:1000566,MONDO:0010108,EFO,True,mapped
EFO:0007132,MONDO:0011716,EFO,True,mapped
EFO:0006792,MONDO:0007488,EFO,True,mapped
MONDO:0007142,MONDO:0007142,MONDO,False,already_mondo
HP:0100543,,HP,False,skipped_prefix
MONDO:0021086,MONDO:0021086,MONDO,False,already_mondo
EFO:0003086,MONDO:0005240,EFO,True,mapped
MONDO:0014491,MONDO:0014491,MONDO,False,already_mondo
EFO:0022293,,EFO,False,unmapped
MONDO:0016168,MONDO:0016168,MONDO,False,already_mondo
MONDO:0013960,MONDO:0013960,MONDO,False,already_mondo
MONDO:0044925,MONDO:0044925,MONDO,False,already_mondo
MONDO:0002462,MONDO:0002462,MONDO,False,already_mondo
EFO:0022335,,EFO,False,unmapped
MONDO:0018079,MONDO:0018079,MONDO,False,already_mondo
HP:0000855,,HP,False,skipped_prefix
MONDO:0001657,MONDO:0001657,MONDO,False,already_mondo
EFO:1001496,MONDO:0004691,EFO,True,mapped
EFO:0005319,MONDO:0005480,EFO,True,mapped
EFO:0003047,MONDO:0005231,EFO,True,mapped
MONDO:0044635,MONDO:0044635,MONDO,False,already_mondo
EFO:0003948,MONDO:0007186,EFO,True,mapped
HP:0003419,,HP,False,skipped_prefix
EFO:0006527,,EFO,False,unmapped
MONDO:0100316,MONDO:0100316,MONDO,False,already_mondo
Orphanet:2484,MONDO:0010650,Orphanet,True,mapped
MONDO:0007915,MONDO:0007915,MONDO,False,already_mondo
MONDO:0100096,MONDO:0100096,MONDO,False,already_mondo
MONDO:0013561,MONDO:0013561,MONDO,False,already_mondo
EFO:0004138,,EFO,False,unmapped
EFO:0005545,MONDO:0005500,EFO,True,mapped
MONDO:0007817,MONDO:0007817,MONDO,False,already_mondo
MONDO:0014472,MONDO:0014472,MONDO,False,already_mondo
MONDO:0004979,MONDO:0004979,MONDO,False,already_mondo
MONDO:0011904,MONDO:0011904,MONDO,False,already_mondo
EFO:1001391,MONDO:0004508,EFO,True,mapped
EFO:0800672,,EFO,False,unmapped
EFO:0005612,MONDO:0005531,EFO,True,mapped
EFO:0000478,MONDO:0005028,EFO,True,mapped
MONDO:0002630,MONDO:0002630,MONDO,False,already_mondo
EFO:1001950,MONDO:0002032,EFO,True,mapped
EFO:0000495,MONDO:0005030,EFO,True,mapped
MONDO:0017904,MONDO:0017904,MONDO,False,already_mondo
EFO:0003877,MONDO:0005296,EFO,True,mapped
EFO:0000178,MONDO:0004950,EFO,True,mapped
MONDO:0005053,MONDO:0005053,MONDO,False,already_mondo
MONDO:0008021,MONDO:0008021,MONDO,False,already_mondo
EFO:0005297,MONDO:0012105,EFO,True,mapped
MONDO:0009588,MONDO:0009588,MONDO,False,already_mondo
Orphanet:79293,MONDO:0009515,Orphanet,True,mapped
MONDO:0007576,MONDO:0007576,MONDO,False,already_mondo
EFO:1001996,MONDO:0000984,EFO,True,mapped
MONDO:0002529,MONDO:0002529,MONDO,False,already_mondo
MONDO:0009597,MONDO:0009597,MONDO,False,already_mondo
MONDO:0018653,MONDO:0018653,MONDO,False,already_mondo
EFO:0022280,,EFO,False,unmapped
EFO:1000388,MONDO:0006311,EFO,True,mapped
EFO:1000783,MONDO:0006626,EFO,True,mapped
MONDO:0018479,MONDO:0018479,MONDO,False,already_mondo
MONDO:0016643,MONDO:0016643,MONDO,False,already_mondo
EFO:0003869,MONDO:0021100,EFO,True,mapped
MONDO:0010200,MONDO:0010200,MONDO,False,already_mondo
MONDO:0030602,MONDO:0030602,MONDO,False,already_mondo
MONDO:0018948,MONDO:0018948,MONDO,False,already_mondo
MONDO:0009903,MONDO:0009903,MONDO,False,already_mondo
EFO:0000701,MONDO:0005093,EFO,True,mapped
EFO:0009842,,EFO,False,unmapped
EFO:0009518,,EFO,False,unmapped
MONDO:0008173,MONDO:0008173,MONDO,False,already_mondo
MP:0001845,,MP,False,skipped_prefix
EFO:0004784,,EFO,False,unmapped
MONDO:0041052,MONDO:0041052,MONDO,False,already_mondo
MONDO:0010011,MONDO:0010011,MONDO,False,already_mondo
EFO:0008591,,EFO,False,unmapped
EFO:0001065,MONDO:0005133,EFO,True,mapped
EFO:0000540,MONDO:0005046,EFO,True,mapped
MONDO:0002367,MONDO:0002367,MONDO,False,already_mondo
EFO:0000691,MONDO:0005089,EFO,True,mapped
MONDO:0032805,MONDO:0032805,MONDO,False,already_mondo
Orphanet:1068,MONDO:0015199,Orphanet,True,mapped
EFO:0000209,MONDO:0004963,EFO,True,mapped
MONDO:0007079,MONDO:0007079,MONDO,False,already_mondo
MONDO:0013826,MONDO:0013826,MONDO,False,already_mondo
MONDO:0020593,MONDO:0020593,MONDO,False,already_mondo
EFO:0009448,MONDO:0002771,EFO,True,mapped
EFO:1001068,MONDO:0006874,EFO,True,mapped
EFO:0001061,MONDO:0005131,EFO,True,mapped
EFO:1000784,MONDO:0019124,EFO,True,mapped
EFO:0003865,MONDO:0021163,EFO,True,mapped
EFO:0006812,MONDO:0005623,EFO,True,mapped
EFO:0009756,,EFO,False,unmapped
MONDO:0001336,MONDO:0001336,MONDO,False,already_mondo
EFO:0003891,MONDO:0005304,EFO,True,mapped
EFO:0000616,MONDO:0005070,EFO,True,mapped
EFO:0004986,MONDO:0005440,EFO,True,mapped
EFO:0000641,MONDO:0005075,EFO,True,mapped
EFO:1001961,MONDO:0003210,EFO,True,mapped
MONDO:0001751,MONDO:0001751,MONDO,False,already_mondo
MONDO:0013518,MONDO:0013518,MONDO,False,already_mondo
MONDO:0030938,MONDO:0030938,MONDO,False,already_mondo
EFO:0005540,MONDO:0005496,EFO,True,mapped
MONDO:0009805,MONDO:0009805,MONDO,False,already_mondo
EFO:0000707,MONDO:0005096,EFO,True,mapped
EFO:0022173,,EFO,False,unmapped
EFO:1000368,MONDO:0006300,EFO,True,mapped
EFO:0003900,MONDO:0005308,EFO,True,mapped
Orphanet:228337,MONDO:0012414,Orphanet,True,mapped
EFO:1001031,MONDO:0006846,EFO,True,mapped
Orphanet:383,MONDO:0010576,Orphanet,True,mapped
EFO:1001514,,EFO,False,unmapped
MONDO:0019438,MONDO:0019438,MONDO,False,already_mondo
MONDO:0014981,MONDO:0014981,MONDO,False,already_mondo
EFO:0003777,MONDO:0005267,EFO,True,mapped
EFO:0004533,,EFO,False,unmapped
MONDO:0971173,MONDO:0971173,MONDO,False,already_mondo
MONDO:0032714,MONDO:0032714,MONDO,False,already_mondo
EFO:0004527,,EFO,False,unmapped
EFO:0009373,,EFO,False,unmapped
EFO:0004145,MONDO:0005336,EFO,True,mapped
MONDO:0003334,MONDO:0003334,MONDO,False,already_mondo
MONDO:0021259,MONDO:0021259,MONDO,False,already_mondo
MONDO:0005475,MONDO:0005475,MONDO,False,already_mondo
MONDO:0043579,MONDO:0043579,MONDO,False,already_mondo
MONDO:0957572,MONDO:0957572,MONDO,False,already_mondo
EFO:0004875,,EFO,False,unmapped
MONDO:0100234,MONDO:0100234,MONDO,False,already_mondo
EFO:0004208,MONDO:0008661,EFO,True,mapped
HP:0010783,,HP,False,skipped_prefix
MONDO:0013730,MONDO:0013730,MONDO,False,already_mondo
EFO:0003921,MONDO:0005312,EFO,True,mapped
OBA:2041267,,OBA,False,skipped_prefix
EFO:0009614,,EFO,False,unmapped
EFO:0700022,,EFO,False,unmapped
MONDO:0019192,MONDO:0019192,MONDO,False,already_mondo
EFO:1000453,MONDO:0000448,EFO,True,mapped
MONDO:0005784,MONDO:0005784,MONDO,False,already_mondo
HP:0001394,,HP,False,skipped_prefix
MONDO:0014054,MONDO:0014054,MONDO,False,already_mondo
MONDO:0008222,MONDO:0008222,MONDO,False,already_mondo
EFO:0009964,,EFO,False,unmapped
MONDO:0003079,MONDO:0003079,MONDO,False,already_mondo
EFO:1000307,MONDO:0006256,EFO,True,mapped
EFO:0000181,MONDO:0010150,EFO,True,mapped
MONDO:0019098,MONDO:0019098,MONDO,False,already_mondo
HP:0005359,,HP,False,skipped_prefix
EFO:0003060,MONDO:0005233,EFO,True,mapped
MONDO:0044212,MONDO:0044212,MONDO,False,already_mondo
EFO:0003099,MONDO:0018912,EFO,True,mapped
EFO:0022233,,EFO,False,unmapped
EFO:0008511,,EFO,False,unmapped
EFO:1000992,MONDO:0006810,EFO,True,mapped
MONDO:0016047,MONDO:0016047,MONDO,False,already_mondo
EFO:0000565,MONDO:0005059,EFO,True,mapped
MONDO:0000521,MONDO:0000521,MONDO,False,already_mondo
HP:0002119,,HP,False,skipped_prefix
EFO:1001129,,EFO,False,unmapped
MONDO:0100233,MONDO:0100233,MONDO,False,already_mondo
MONDO:0007834,MONDO:0007834,MONDO,False,already_mondo
MONDO:0008300,MONDO:0008300,MONDO,False,already_mondo
EFO:0000662,MONDO:0005079,EFO,True,mapped
EFO:0005687,MONDO:0005546,EFO,True,mapped
MONDO:0015168,MONDO:0015168,MONDO,False,already_mondo
EFO:0007444,MONDO:0005920,EFO,True,mapped
MONDO:0016394,MONDO:0016394,MONDO,False,already_mondo
MONDO:0026722,MONDO:0026722,MONDO,False,already_mondo
EFO:0004286,MONDO:0005399,EFO,True,mapped
EFO:0000500,MONDO:0005033,EFO,True,mapped
Orphanet:2435,MONDO:0016574,Orphanet,True,mapped
EFO:1001028,MONDO:0006843,EFO,True,mapped
EFO:0004335,,EFO,False,unmapped
MONDO:0024662,MONDO:0024662,MONDO,False,already_mondo
MONDO:0971001,MONDO:0971001,MONDO,False,already_mondo
MONDO:0017596,MONDO:0017596,MONDO,False,already_mondo
MONDO:0100330,MONDO:0100330,MONDO,False,already_mondo
MONDO:0004782,MONDO:0004782,MONDO,False,already_mondo
EFO:0004612,,EFO,False,unmapped
EFO:0007160,MONDO:0008558,EFO,True,mapped
MONDO:0019797,MONDO:0019797,MONDO,False,already_mondo
MONDO:0018896,MONDO:0018896,MONDO,False,already_mondo
MONDO:0004355,MONDO:0004355,MONDO,False,already_mondo
MONDO:0016471,MONDO:0016471,MONDO,False,already_mondo
EFO:1000581,MONDO:0006456,EFO,True,mapped
EFO:1000262,MONDO:0006215,EFO,True,mapped
HP:0040223,,HP,False,skipped_prefix
EFO:1001418,,EFO,False,unmapped
HP:0000975,,HP,False,skipped_prefix
EFO:0009429,,EFO,False,unmapped
MONDO:0010662,MONDO:0010662,MONDO,False,already_mondo
MONDO:0008493,MONDO:0008493,MONDO,False,already_mondo
EFO:1000045,MONDO:0019954,EFO,True,mapped
Orphanet:91088,,Orphanet,False,unmapped
EFO:0007944,,EFO,False,unmapped
MONDO:0007295,MONDO:0007295,MONDO,False,already_mondo
EFO:1000802,MONDO:0006644,EFO,True,mapped
EFO:0000278,MONDO:0004982,EFO,True,mapped
MONDO:0024647,MONDO:0024647,MONDO,False,already_mondo
EFO:0000569,MONDO:0005060,EFO,True,mapped
OBA:2044852,,OBA,False,skipped_prefix
MONDO:0054727,MONDO:0054727,MONDO,False,already_mondo
MONDO:0007113,MONDO:0007113,MONDO,False,already_mondo
EFO:0010925,,EFO,False,unmapped
EFO:0003096,MONDO:0008243,EFO,True,mapped
HP:0012207,,HP,False,skipped_prefix
MONDO:0014300,MONDO:0014300,MONDO,False,already_mondo
MONDO:0970993,MONDO:0970993,MONDO,False,already_mondo
MONDO:0021104,MONDO:0021104,MONDO,False,already_mondo
MONDO:0007473,MONDO:0007473,MONDO,False,already_mondo
EFO:0700134,,EFO,False,unmapped
Orphanet:1113,MONDO:0010882,Orphanet,True,mapped
EFO:1001309,MONDO:0017572,EFO,True,mapped
MONDO:0014118,MONDO:0014118,MONDO,False,already_mondo
EFO:0004833,,EFO,False,unmapped
EFO:0004197,MONDO:0005344,EFO,True,mapped
MONDO:0016305,MONDO:0016305,MONDO,False,already_mondo
EFO:1000223,MONDO:0006186,EFO,True,mapped
MONDO:0060507,MONDO:0060507,MONDO,False,already_mondo
OBA:2050068,,OBA,False,skipped_prefix
Orphanet:183539,,Orphanet,False,unmapped
MONDO:0007367,MONDO:0007367,MONDO,False,already_mondo
EFO:0000182,MONDO:0007256,EFO,True,mapped
EFO:0000684,MONDO:0005087,EFO,True,mapped
MONDO:0004784,MONDO:0004784,MONDO,False,already_mondo
MONDO:0008185,MONDO:0008185,MONDO,False,already_mondo
EFO:1000999,MONDO:0006816,EFO,True,mapped
EFO:0009455,MONDO:0001854,EFO,True,mapped
EFO:0002610,MONDO:0005186,EFO,True,mapped
EFO:1000653,,EFO,False,unmapped
EFO:0000574,MONDO:0005062,EFO,True,mapped
EFO:1000906,MONDO:0006733,EFO,True,mapped
MONDO:0016216,MONDO:0016216,MONDO,False,already_mondo
MONDO:0019068,MONDO:0019068,MONDO,False,already_mondo
EFO:0000588,MONDO:0005065,EFO,True,mapped
EFO:0010922,,EFO,False,unmapped
MONDO:0018975,MONDO:0018975,MONDO,False,already_mondo
OBA:0004561,,OBA,False,skipped_prefix
EFO:0004274,MONDO:0005393,EFO,True,mapped
EFO:0003859,MONDO:0021353,EFO,True,mapped
EFO:0003758,MONDO:0005260,EFO,True,mapped
MONDO:0003001,MONDO:0003001,MONDO,False,already_mondo
EFO:0000224,MONDO:0012883,EFO,True,mapped
EFO:0004587,,EFO,False,unmapped
EFO:0006922,,EFO,False,unmapped
EFO:1001463,MONDO:0002269,EFO,True,mapped
EFO:0005543,MONDO:0021042,EFO,True,mapped
EFO:0007536,MONDO:0006007,EFO,True,mapped
MONDO:0032696,MONDO:0032696,MONDO,False,already_mondo
MONDO:0013291,MONDO:0013291,MONDO,False,already_mondo
MONDO:0958006,MONDO:0958006,MONDO,False,already_mondo
EFO:0004980,,EFO,False,unmapped
EFO:0003834,MONDO:0005282,EFO,True,mapped
EFO:0000096,MONDO:0004949,EFO,True,mapped
MONDO:0007705,MONDO:0007705,MONDO,False,already_mondo
EFO:0001067,MONDO:0005135,EFO,True,mapped
EFO:0000275,MONDO:0004981,EFO,True,mapped
EFO:1000961,MONDO:0006781,EFO,True,mapped
MONDO:0002708,MONDO:0002708,MONDO,False,already_mondo
MONDO:0013410,MONDO:0013410,MONDO,False,already_mondo
EFO:1001938,MONDO:0015759,EFO,True,mapped
EFO:0004610,MONDO:0015796,EFO,True,mapped
MONDO:0032766,MONDO:0032766,MONDO,False,already_mondo
Orphanet:93357,MONDO:0010068,Orphanet,True,mapped
MONDO:0034054,MONDO:0034054,MONDO,False,already_mondo
EFO:0007216,MONDO:0005711,EFO,True,mapped
MONDO:0020640,MONDO:0020640,MONDO,False,already_mondo
Orphanet:3217,MONDO:0009086,Orphanet,True,mapped
MONDO:0054730,MONDO:0054730,MONDO,False,already_mondo
EFO:0004198,MONDO:0002531,EFO,True,mapped
EFO:1001516,,EFO,False,unmapped
EFO:0003780,MONDO:0007191,EFO,True,mapped
HP:0012393,,HP,False,skipped_prefix
EFO:0009706,,EFO,False,unmapped
MONDO:0001475,MONDO:0001475,MONDO,False,already_mondo
MONDO:0010066,MONDO:0010066,MONDO,False,already_mondo
EFO:0004348,,EFO,False,unmapped
Orphanet:263297,MONDO:0013291,Orphanet,True,mapped
MONDO:0009676,MONDO:0009676,MONDO,False,already_mondo
EFO:0007991,,EFO,False,unmapped
MONDO:0015229,MONDO:0015229,MONDO,False,already_mondo
MONDO:0007947,MONDO:0007947,MONDO,False,already_mondo
HP:0004418,,HP,False,skipped_prefix
MONDO:0004126,MONDO:0004126,MONDO,False,already_mondo
HP:0005180,,HP,False,skipped_prefix
MONDO:0015667,MONDO:0015667,MONDO,False,already_mondo
MONDO:0008810,MONDO:0008810,MONDO,False,already_mondo
MONDO:0007686,MONDO:0007686,MONDO,False,already_mondo
EFO:0003968,MONDO:0016982,EFO,True,mapped
MONDO:0014851,MONDO:0014851,MONDO,False,already_mondo
HP:0031678,,HP,False,skipped_prefix
HP:0001643,,HP,False,skipped_prefix
EFO:0009430,MONDO:0021667,EFO,True,mapped
EFO:0000228,MONDO:0004970,EFO,True,mapped
EFO:0003763,MONDO:0011057,EFO,True,mapped
EFO:0010369,,EFO,False,unmapped
EFO:0008501,,EFO,False,unmapped
MONDO:0009582,MONDO:0009582,MONDO,False,already_mondo
EFO:0001361,MONDO:0015924,EFO,True,mapped
EFO:0000775,MONDO:0005116,EFO,True,mapped
EFO:1000024,MONDO:0006031,EFO,True,mapped
MONDO:0013758,MONDO:0013758,MONDO,False,already_mondo
MONDO:0017778,MONDO:0017778,MONDO,False,already_mondo
MONDO:0010298,MONDO:0010298,MONDO,False,already_mondo
EFO:0007517,MONDO:0005989,EFO,True,mapped
HP:0002411,,HP,False,skipped_prefix
MONDO:0004928,MONDO:0004928,MONDO,False,already_mondo
MONDO:0003024,MONDO:0003024,MONDO,False,already_mondo
EFO:0000499,MONDO:0005032,EFO,True,mapped
EFO:0003959,,EFO,False,unmapped
MONDO:0007732,MONDO:0007732,MONDO,False,already_mondo
EFO:0000764,MONDO:0005109,EFO,True,mapped
HP:0011451,,HP,False,skipped_prefix
EFO:1000965,,EFO,False,unmapped
EFO:0000474,MONDO:0005027,EFO,True,mapped
MONDO:0011760,MONDO:0011760,MONDO,False,already_mondo
EFO:1001916,MONDO:0001098,EFO,True,mapped
HP:0012758,,HP,False,skipped_prefix
MONDO:0005178,MONDO:0005178,MONDO,False,already_mondo
Orphanet:404469,,Orphanet,False,unmapped
MONDO:0001823,MONDO:0001823,MONDO,False,already_mondo
MONDO:0024573,MONDO:0024573,MONDO,False,already_mondo
Orphanet:891,MONDO:0019516,Orphanet,True,mapped
MONDO:0020074,MONDO:0020074,MONDO,False,already_mondo
EFO:0022267,,EFO,False,unmapped
MONDO:0010264,MONDO:0010264,MONDO,False,already_mondo
EFO:0002913,MONDO:0000607,EFO,True,mapped
MONDO:0014621,MONDO:0014621,MONDO,False,already_mondo
EFO:0009458,,EFO,False,unmapped
EFO:0001645,MONDO:0005010,EFO,True,mapped
EFO:0000239,MONDO:0004974,EFO,True,mapped
EFO:0004616,MONDO:0005416,EFO,True,mapped
EFO:0010270,,EFO,False,unmapped
MONDO:0010679,MONDO:0010679,MONDO,False,already_mondo
DOID:7551,MONDO:0004277,DOID,True,mapped
HP:0005528,,HP,False,skipped_prefix
HP:0010976,,HP,False,skipped_prefix
EFO:0009551,MONDO:0002869,EFO,True,mapped
HP:0001520,,HP,False,skipped_prefix
EFO:0004255,MONDO:0005377,EFO,True,mapped
MONDO:0019154,MONDO:0019154,MONDO,False,already_mondo
EFO:0009676,MONDO:0002081,EFO,True,mapped
MONDO:0957981,MONDO:0957981,MONDO,False,already_mondo
EFO:1000317,MONDO:0006262,EFO,True,mapped
EFO:0000341,MONDO:0005002,EFO,True,mapped
EFO:1000491,MONDO:0018842,EFO,True,mapped
HP:0003489,,HP,False,skipped_prefix
OBA:2045206,,OBA,False,skipped_prefix
HP:0100806,,HP,False,skipped_prefix
MONDO:0054723,MONDO:0054723,MONDO,False,already_mondo
MONDO:0037821,MONDO:0037821,MONDO,False,already_mondo
EFO:0004696,,EFO,False,unmapped
EFO:0002496,MONDO:0005173,EFO,True,mapped
EFO:1000785,MONDO:0017844,EFO,True,mapped
EFO:0004235,MONDO:0008327,EFO,True,mapped
MONDO:0002492,MONDO:0002492,MONDO,False,already_mondo
EFO:0004842,,EFO,False,unmapped
MONDO:0003453,MONDO:0003453,MONDO,False,already_mondo
MONDO:0001627,MONDO:0001627,MONDO,False,already_mondo
EFO:1001494,,EFO,False,unmapped
MONDO:0002358,MONDO:0002358,MONDO,False,already_mondo
MONDO:0000432,MONDO:0000432,MONDO,False,already_mondo
HP:0001268,,HP,False,skipped_prefix
EFO:0004193,MONDO:0020804,EFO,True,mapped
MONDO:0019917,MONDO:0019917,MONDO,False,already_mondo
EFO:0020685,,EFO,False,unmapped
MONDO:0009685,MONDO:0009685,MONDO,False,already_mondo
EFO:0009452,MONDO:0003009,EFO,True,mapped
MONDO:0002616,MONDO:0002616,MONDO,False,already_mondo
MONDO:0021192,MONDO:0021192,MONDO,False,already_mondo
EFO:0004220,MONDO:0005354,EFO,True,mapped
MONDO:0008038,MONDO:0008038,MONDO,False,already_mondo
MONDO:0000490,MONDO:0000490,MONDO,False,already_mondo
OBA:VT0005265,,OBA,False,skipped_prefix
MONDO:0002480,MONDO:0002480,MONDO,False,already_mondo
HP:0004398,,HP,False,skipped_prefix
MONDO:0000771,MONDO:0000771,MONDO,False,already_mondo
MONDO:0007481,MONDO:0007481,MONDO,False,already_mondo
EFO:1001485,MONDO:0019933,EFO,True,mapped
EFO:0022159,,EFO,False,unmapped
EFO:0011057,,EFO,False,unmapped
MONDO:0016006,MONDO:0016006,MONDO,False,already_mondo
MONDO:0015760,MONDO:0015760,MONDO,False,already_mondo
EFO:1001351,MONDO:0004471,EFO,True,mapped
MONDO:0002525,MONDO:0002525,MONDO,False,already_mondo
HP:0002075,,HP,False,skipped_prefix
MONDO:0001572,MONDO:0001572,MONDO,False,already_mondo
EFO:1000789,MONDO:0006632,EFO,True,mapped
EFO:0010351,,EFO,False,unmapped
EFO:0004725,,EFO,False,unmapped
EFO:0002618,MONDO:0005192,EFO,True,mapped
EFO:0004244,MONDO:0015925,EFO,True,mapped
MONDO:0021248,MONDO:0021248,MONDO,False,already_mondo
MONDO:0007795,MONDO:0007795,MONDO,False,already_mondo
MONDO:0005184,MONDO:0005184,MONDO,False,already_mondo
EFO:1000680,MONDO:0018746,EFO,True,mapped
Orphanet:98813,MONDO:0010293,Orphanet,True,mapped
MONDO:0800373,MONDO:0800373,MONDO,False,already_mondo
MONDO:0030307,MONDO:0030307,MONDO,False,already_mondo
MONDO:0008734,MONDO:0008734,MONDO,False,already_mondo
MONDO:0013372,MONDO:0013372,MONDO,False,already_mondo
EFO:0020921,,EFO,False,unmapped
EFO:0000719,,EFO,False,unmapped
EFO:0022258,,EFO,False,unmapped
EFO:0011011,,EFO,False,unmapped
HP:0005268,,HP,False,skipped_prefix
MONDO:0009833,MONDO:0009833,MONDO,False,already_mondo
EFO:0007985,,EFO,False,unmapped
EFO:0004309,,EFO,False,unmapped
OBA:2042371,,OBA,False,skipped_prefix
EFO:1000483,MONDO:0006377,EFO,True,mapped
MONDO:0010726,MONDO:0010726,MONDO,False,already_mondo
MONDO:0004975,MONDO:0004975,MONDO,False,already_mondo
MONDO:0007309,MONDO:0007309,MONDO,False,already_mondo
MONDO:0019696,MONDO:0019696,MONDO,False,already_mondo
EFO:0009689,MONDO:0004184,EFO,True,mapped
MONDO:0015974,MONDO:0015974,MONDO,False,already_mondo
MONDO:0800043,MONDO:0800043,MONDO,False,already_mondo
EFO:0009682,MONDO:0024575,EFO,True,mapped
MONDO:0013459,MONDO:0013459,MONDO,False,already_mondo
EFO:0002608,MONDO:0020689,EFO,True,mapped
HP:0001395,,HP,False,skipped_prefix
MONDO:0007739,MONDO:0007739,MONDO,False,already_mondo
HP:0000539,,HP,False,skipped_prefix
EFO:0022322,,EFO,False,unmapped
MONDO:0019772,MONDO:0019772,MONDO,False,already_mondo
EFO:0022265,,EFO,False,unmapped
Orphanet:47,MONDO:0010421,Orphanet,True,mapped
EFO:0005761,MONDO:0005556,EFO,True,mapped
MONDO:0007064,MONDO:0007064,MONDO,False,already_mondo
EFO:1001052,MONDO:0006861,EFO,True,mapped
MONDO:0002814,MONDO:0002814,MONDO,False,already_mondo
HP:0000112,,HP,False,skipped_prefix
HP:0002202,,HP,False,skipped_prefix
MONDO:0024465,MONDO:0024465,MONDO,False,already_mondo
EFO:1001991,MONDO:0043905,EFO,True,mapped
EFO:0000621,MONDO:0005072,EFO,True,mapped
Orphanet:654,MONDO:0019004,Orphanet,True,mapped
Orphanet:983,MONDO:8000015,Orphanet,True,mapped
MONDO:0005180,MONDO:0005180,MONDO,False,already_mondo
EFO:0006807,,EFO,False,unmapped
EFO:0008546,MONDO:0029000,EFO,True,mapped
MONDO:0009571,MONDO:0009571,MONDO,False,already_mondo
MONDO:0011962,MONDO:0011962,MONDO,False,already_mondo
MONDO:0000491,MONDO:0000491,MONDO,False,already_mondo
EFO:0920022,,EFO,False,unmapped
HP:0002960,,HP,False,skipped_prefix
EFO:1000355,MONDO:0006292,EFO,True,mapped
EFO:0008569,,EFO,False,unmapped
EFO:0009188,,EFO,False,unmapped
EFO:1000299,MONDO:0006249,EFO,True,mapped
EFO:1001955,,EFO,False,unmapped
MONDO:0002635,MONDO:0002635,MONDO,False,already_mondo
Orphanet:99750,MONDO:0020488,Orphanet,True,mapped
HP:0002721,,HP,False,skipped_prefix
EFO:0003778,MONDO:0011849,EFO,True,mapped
HP:0011947,,HP,False,skipped_prefix
EFO:0004994,MONDO:0011385,EFO,True,mapped
EFO:0003833,MONDO:0021211,EFO,True,mapped
EFO:0009646,MONDO:0015912,EFO,True,mapped
EFO:1000318,MONDO:0018310,EFO,True,mapped
EFO:0004260,MONDO:0005381,EFO,True,mapped
EFO:0005952,MONDO:0018908,EFO,True,mapped
OBA:0003747,,OBA,False,skipped_prefix
EFO:0001379,MONDO:0005151,EFO,True,mapped
EFO:0005287,MONDO:0009975,EFO,True,mapped
MONDO:0007056,MONDO:0007056,MONDO,False,already_mondo
EFO:0008509,MONDO:0000552,EFO,True,mapped
MONDO:0012923,MONDO:0012923,MONDO,False,already_mondo
EFO:0006888,MONDO:0024291,EFO,True,mapped
OBA:1000110,,OBA,False,skipped_prefix
EFO:0000195,,EFO,False,unmapped
Orphanet:2697,MONDO:0017123,Orphanet,True,mapped
HP:0100660,,HP,False,skipped_prefix
Orphanet:1788,MONDO:0008714,Orphanet,True,mapped
MONDO:0018321,MONDO:0018321,MONDO,False,already_mondo
EFO:0005689,,EFO,False,unmapped
EFO:0005106,,EFO,False,unmapped
EFO:0000649,MONDO:0005076,EFO,True,mapped
MONDO:0002253,MONDO:0002253,MONDO,False,already_mondo
MONDO:0013279,MONDO:0013279,MONDO,False,already_mondo
MONDO:0013318,MONDO:0013318,MONDO,False,already_mondo
MONDO:0015746,MONDO:0015746,MONDO,False,already_mondo
MONDO:0011448,MONDO:0011448,MONDO,False,already_mondo
MONDO:0019439,MONDO:0019439,MONDO,False,already_mondo
MONDO:0021118,MONDO:0021118,MONDO,False,already_mondo
EFO:0004540,MONDO:0005404,EFO,True,mapped
EFO:0000255,MONDO:0004977,EFO,True,mapped
MONDO:0008476,MONDO:0008476,MONDO,False,already_mondo
Orphanet:30,MONDO:0009797,Orphanet,True,mapped
EFO:0009666,MONDO:0002183,EFO,True,mapped
Orphanet:167,MONDO:0008963,Orphanet,True,mapped
EFO:0008583,MONDO:0004781,EFO,True,mapped
MONDO:0033622,MONDO:0033622,MONDO,False,already_mondo
EFO:0000668,MONDO:0005081,EFO,True,mapped
EFO:1001491,,EFO,False,unmapped
MONDO:0002050,MONDO:0002050,MONDO,False,already_mondo
EFO:1000263,MONDO:0006216,EFO,True,mapped
EFO:1000758,MONDO:0007047,EFO,True,mapped
MONDO:0043479,MONDO:0043479,MONDO,False,already_mondo
EFO:0005592,MONDO:0005525,EFO,True,mapped
MONDO:0020066,MONDO:0020066,MONDO,False,already_mondo
MONDO:0009491,MONDO:0009491,MONDO,False,already_mondo
MONDO:0009480,MONDO:0009480,MONDO,False,already_mondo
EFO:0000333,MONDO:0008977,EFO,True,mapped
MONDO:0030996,MONDO:0030996,MONDO,False,already_mondo
HP:0001987,,HP,False,skipped_prefix
EFO:0004710,MONDO:0000082,EFO,True,mapped
MONDO:0957809,MONDO:0957809,MONDO,False,already_mondo
EFO:0008496,,EFO,False,unmapped
Orphanet:758,MONDO:0009925,Orphanet,True,mapped
EFO:0005251,MONDO:0005468,EFO,True,mapped
MONDO:0030925,MONDO:0030925,MONDO,False,already_mondo
OBA:2050065,,OBA,False,skipped_prefix
EFO:0004254,MONDO:0005376,EFO,True,mapped
EFO:0009315,MONDO:0002305,EFO,True,mapped
EFO:0000713,MONDO:0005099,EFO,True,mapped
EFO:0007789,,EFO,False,unmapped
EFO:0022160,,EFO,False,unmapped
MONDO:0013044,MONDO:0013044,MONDO,False,already_mondo
MONDO:0017413,MONDO:0017413,MONDO,False,already_mondo
MONDO:0033673,MONDO:0033673,MONDO,False,already_mondo
EFO:0004249,MONDO:0005373,EFO,True,mapped
EFO:0000555,MONDO:0005052,EFO,True,mapped
MONDO:0009735,MONDO:0009735,MONDO,False,already_mondo
EFO:0001421,MONDO:0005154,EFO,True,mapped
MONDO:0018237,MONDO:0018237,MONDO,False,already_mondo
EFO:0004214,MONDO:0005350,EFO,True,mapped
EFO:1000504,MONDO:0006394,EFO,True,mapped
MONDO:0015524,MONDO:0015524,MONDO,False,already_mondo
OBA:2041446,,OBA,False,skipped_prefix
EFO:1001471,,EFO,False,unmapped
MONDO:0008708,MONDO:0008708,MONDO,False,already_mondo
MONDO:0859522,MONDO:0859522,MONDO,False,already_mondo
HP:0100526,,HP,False,skipped_prefix
MONDO:0004301,MONDO:0004301,MONDO,False,already_mondo
MONDO:0100147,MONDO:0100147,MONDO,False,already_mondo
MONDO:0021187,MONDO:0021187,MONDO,False,already_mondo
EFO:0009885,,EFO,False,unmapped
MONDO:0004180,MONDO:0004180,MONDO,False,already_mondo
MONDO:0011128,MONDO:0011128,MONDO,False,already_mondo
MONDO:0012859,MONDO:0012859,MONDO,False,already_mondo
MONDO:0018338,MONDO:0018338,MONDO,False,already_mondo
OBA:2045560,,OBA,False,skipped_prefix
MONDO:0004651,MONDO:0004651,MONDO,False,already_mondo
MONDO:0020336,MONDO:0020336,MONDO,False,already_mondo
EFO:0006336,,EFO,False,unmapped
EFO:0022157,,EFO,False,unmapped
HP:0000842,,HP,False,skipped_prefix
EFO:0021900,,EFO,False,unmapped
MONDO:0014804,MONDO:0014804,MONDO,False,already_mondo
EFO:0022296,,EFO,False,unmapped
MONDO:0003519,MONDO:0003519,MONDO,False,already_mondo
EFO:0009622,,EFO,False,unmapped
EFO:0000503,MONDO:0005036,EFO,True,mapped
MONDO:0022529,MONDO:0022529,MONDO,False,already_mondo
HP:0002242,,HP,False,skipped_prefix
EFO:0800337,,EFO,False,unmapped
HP:0001667,,HP,False,skipped_prefix
EFO:0004312,,EFO,False,unmapped
MONDO:0019391,MONDO:0019391,MONDO,False,already_mondo
MONDO:0012657,MONDO:0012657,MONDO,False,already_mondo
MONDO:0001291,MONDO:0001291,MONDO,False,already_mondo
MONDO:0010997,MONDO:0010997,MONDO,False,already_mondo
EFO:0005741,MONDO:0005550,EFO,True,mapped
EFO:0000183,MONDO:0004952,EFO,True,mapped
EFO:0004209,MONDO:0005345,EFO,True,mapped
EFO:0001062,MONDO:0005132,EFO,True,mapped
EFO:0920024,,EFO,False,unmapped
MONDO:0030506,MONDO:0030506,MONDO,False,already_mondo
EFO:0010623,,EFO,False,unmapped
MONDO:0021945,MONDO:0021945,MONDO,False,already_mondo
MONDO:0010580,MONDO:0010580,MONDO,False,already_mondo
EFO:1000218,MONDO:0006181,EFO,True,mapped
EFO:0009783,,EFO,False,unmapped
MONDO:0011182,MONDO:0011182,MONDO,False,already_mondo
MONDO:0010302,MONDO:0010302,MONDO,False,already_mondo
Orphanet:332,MONDO:0009852,Orphanet,True,mapped
EFO:0003811,MONDO:0019454,EFO,True,mapped
EFO:1000391,MONDO:0006314,EFO,True,mapped
EFO:0009003,MONDO:0001889,EFO,True,mapped
MONDO:0011717,MONDO:0011717,MONDO,False,already_mondo
MONDO:0004737,MONDO:0004737,MONDO,False,already_mondo
MONDO:0015540,MONDO:0015540,MONDO,False,already_mondo
Orphanet:100,MONDO:0008840,Orphanet,True,mapped
EFO:0006835,,EFO,False,unmapped
MONDO:0019472,MONDO:0019472,MONDO,False,already_mondo
EFO:0022154,,EFO,False,unmapped
EFO:0004838,,EFO,False,unmapped
MONDO:0002041,MONDO:0002041,MONDO,False,already_mondo
MONDO:0011988,MONDO:0011988,MONDO,False,already_mondo
EFO:0022326,,EFO,False,unmapped
HP:0012531,,HP,False,skipped_prefix
MONDO:0010444,MONDO:0010444,MONDO,False,already_mondo
EFO:0000551,,EFO,False,unmapped
HP:0001410,,HP,False,skipped_prefix
HP:0032252,,HP,False,skipped_prefix
EFO:1000613,MONDO:0006485,EFO,True,mapped
