gene_symbol,drug_name,interaction_type,ensembl_id
CLU,CUSTIRSEN,antisense oligonucleotide,ENSG00000120885
FGFR1,LUCITANIB,,ENSG00000077782
FAS,FUDR,,ENSG00000026103
FGFR1,PAZOPANIB HYDROCHLORIDE,inhibitor,ENSG00000077782
ALK,Ficonalkib,,ENSG00000171094
FGFR1,ENTRECTINIB,,ENSG00000077782
ALK,Dinaciclib,,ENSG00000171094
TUBB4B,MILATAXEL,inhibitor,ENSG00000188229
PPARA,TETRADECYLTHIOACETIC ACID,,ENSG00000186951
NR3C1,DESOXIMETASONE,agonist,ENSG00000113580
NQO1,NSC-640556,,ENSG00000181019
NR3C1,PREDNICARBATE,agonist,ENSG00000113580
MITF,GNF-PF-2298,,ENSG00000187098
PPARA,T091317,,ENSG00000186951
CD86,DEXAMETHASONE,,ENSG00000114013
KCNA3,AMIFAMPRIDINE,blocker,ENSG00000177272
ALDH1A1,LEAD DIACETATE TRIHYDRATE,,ENSG00000165092
L3MBTL1,NSC-66209,,ENSG00000185513
KCNQ2,GUANIDINE HYDROCHLORIDE,blocker,ENSG00000075043
ALK,Zoledronic acid,,ENSG00000171094
ALDH1A1,CONGO RED,,ENSG00000165092
UGT1A7,mycophenolate mofetil,,ENSG00000244122
TUBB4B,ZAMPANOLIDE,,ENSG00000188229
PPARA,SODELGLITAZAR,agonist,ENSG00000186951
UGT1A7,risperidone,,ENSG00000244122
PSMC3,CARFILZOMIB,,ENSG00000165916
PDE6G,DIPYRIDAMOLE,inhibitor,ENSG00000185527
ALDH1A1,DNDI1417080,,ENSG00000165092
TUBA3E,POLATUZUMAB VEDOTIN,inhibitor,ENSG00000152086
ALDH1A1,APIGENIN,,ENSG00000165092
MITF,8-FLUOROTRYPTANTHRIN,,ENSG00000187098
NR3C1,FOSDAGROCORAT,modulator,ENSG00000113580
PPARA,ZYH7,agonist,ENSG00000186951
ALK,Trametinib,,ENSG00000171094
PPARA,metformin,,ENSG00000186951
FKBP5,gemcitabine,,ENSG00000096060
XIAP,DIFFERENTIATING AGENTS,,ENSG00000101966
TUBB2A,IXABEPILONE,inhibitor,ENSG00000137267
NR3C1,MEPREDNISONE,agonist,ENSG00000113580
FGFR1,Lorlatinib,,ENSG00000077782
RET,unspecified immune checkpoint inhibitor,,ENSG00000165731
ALK,ENTRECTINIB,inhibitor,ENSG00000171094
PRKAG1,ACADESINE,activator,ENSG00000181929
FGFR1,3D185,,ENSG00000077782
MEN1,CID2350207,,ENSG00000133895
ALDH1A1,2-PHENYLPHENOL,,ENSG00000165092
GADD45A,GENISTEIN,,ENSG00000116717
ALDH1A1,CARMINE,,ENSG00000165092
ALDH1A1,CHLORANIL,,ENSG00000165092
NR3C1,DEXAMETHASONE ACETATE,agonist,ENSG00000113580
FGFR1,Derazantinib,,ENSG00000077782
ALK,Ixazomib,,ENSG00000171094
TUBB2A,BIVATUZUMAB MERTANSINE,inhibitor,ENSG00000137267
ALDH1A1,CID 1540545,,ENSG00000165092
KCND3,NERISPIRDINE,blocker,ENSG00000171385
ALK,HESPERADIN,inhibitor,ENSG00000171094
RET,LOXO-292,,ENSG00000165731
TUBB4B,CABAZITAXEL,inhibitor,ENSG00000188229
CCL17,TACROLIMUS,,ENSG00000102970
SQLE,AMIODARONE,,ENSG00000104549
LPO,ASCORBIC ACID,,ENSG00000167419
FASLG,ASUNERCEPT,binder,ENSG00000117560
FGFR1,DOVITINIB,,ENSG00000077782
NR3C1,BETAMETHASONE,agonist,ENSG00000113580
FGFR1,FIIN-1,,ENSG00000077782
TUBB4B,NSC-751382,,ENSG00000188229
KCNQ1,tacrolimus,,ENSG00000053918
TUBB2A,VERUBULIN,negative modulator,ENSG00000137267
TUBA3E,RG-7841,inhibitor,ENSG00000152086
SLC25A5,BUTYRATE,,ENSG00000005022
TUBB2A,CABAZITAXEL,inhibitor,ENSG00000137267
MTHFR,FLUOROURACIL,,ENSG00000177000
KCNQ1,AMIFAMPRIDINE PHOSPHATE,blocker,ENSG00000053918
MITF,GNF-PF-4867,,ENSG00000187098
RET,TAE-684,,ENSG00000165731
RET,Vandetanib,,ENSG00000165731
CRHR1,antidepressants,,ENSG00000120088
MME,DAGLUTRIL,inhibitor,ENSG00000196549
MEN1,SINENSETIN,,ENSG00000133895
GRIN2C,DELUCEMINE,inhibitor,ENSG00000161509
SPSB2,PHENYLTHIAZOL-2-AMINE,,ENSG00000111671
TUBA3E,VERUBULIN,negative modulator,ENSG00000152086
HGF,Trastuzumab,,ENSG00000019991
TUBB4B,NSC-753575,,ENSG00000188229
NQO1,ITRACONAZOLE,,ENSG00000181019
IL17A,REMTOLUMAB,inhibitor,ENSG00000112115
PPARA,INDEGLITAZAR,agonist,ENSG00000186951
MAP2K4,MEK162,inhibitor,ENSG00000065559
ALK,tremelimumab,,ENSG00000171094
GADD45A,DOXORUBICIN,,ENSG00000116717
IRAK4,LINIFANIB,,ENSG00000198001
TUBA3E,VINFLUNINE,inhibitor,ENSG00000152086
STK11,Olaparib,,ENSG00000118046
MEN1,GNF-PF-4029,,ENSG00000133895
KCND3,TEDISAMIL,blocker,ENSG00000171385
MEN1,CETRIMONIUM BROMIDE,,ENSG00000133895
TUBB4B,TISOTUMAB VEDOTIN,inhibitor,ENSG00000188229
RET,CABOZANTINIB,inhibitor,ENSG00000165731
NR3C1,CORTISONE ACETATE,agonist,ENSG00000113580
IL17A,opioids,,ENSG00000112115
GADD45A,TROGLITAZONE,,ENSG00000116717
IL17A,IZOKIBEP,inhibitor,ENSG00000112115
TUBB4B,VINBLASTINE,,ENSG00000188229
SSTR4,VELDOREOTIDE,agonist,ENSG00000132671
RET,VANDETANIB,,ENSG00000165731
FASN,TRIIODOTHYRONINE,,ENSG00000169710
IL17A,ERYTHROMYCIN,,ENSG00000112115
PSMC3,BORTEZOMIB,,ENSG00000165916
MITF,GNF-PF-3407,,ENSG00000187098
STK11,PEMBROLIZUMAB,,ENSG00000118046
CRHR1,nortriptyline,,ENSG00000120088
TUBB4B,T-900607,negative modulator,ENSG00000188229
FBXW7,Regorafenib,,ENSG00000109670
TUBA3E,PATUPILONE,modulator,ENSG00000152086
HGF,SHO-SAIKO-TO,,ENSG00000019991
FAS,BUTYRATE,,ENSG00000026103
KCNQ1,NERISPIRDINE,blocker,ENSG00000053918
NR3C1,GW7647,,ENSG00000113580
DPYSL3,METHIMAZOLE,,ENSG00000113657
L3MBTL1,"5,6,7,8,4'-PENTAHYDROXYFLAVONE",,ENSG00000185513
RET,Ponatinib,,ENSG00000165731
IRAK4,ZIMLOVISERTIB,inhibitor,ENSG00000198001
GRIN2C,AV-101,inhibitor,ENSG00000161509
L3MBTL1,GNF-PF-2272,,ENSG00000185513
RET,sorafenib,,ENSG00000165731
KCND3,AMIFAMPRIDINE PHOSPHATE,blocker,ENSG00000171385
CIP2A,GEMCITABINE,,ENSG00000163507
CDK12,Melphalan,,ENSG00000167258
FAS,PROTEASOME INHIBITOR,,ENSG00000026103
TUBB2A,VINCRISTINE SULFATE,inhibitor,ENSG00000137267
L3MBTL1,CATECHOL,,ENSG00000185513
ATP1A4,ACETYLDIGITOXIN,inhibitor,ENSG00000132681
FBXW7,Entinostat,,ENSG00000109670
COL4A4,TRC-093,inhibitor,ENSG00000081052
IL17A,RAPAMYCIN,,ENSG00000112115
UGT1A7,ritonavir,,ENSG00000244122
PPARA,ALEGLITAZAR,agonist,ENSG00000186951
PPARA,carvedilol,,ENSG00000186951
TUBA3E,NOCODAZOLE,,ENSG00000152086
FOXA3,rosuvastatin,,ENSG00000170608
L3MBTL1,CEPHALOCHROMIN,,ENSG00000185513
NDUFC1,ME-344,inhibitor,ENSG00000109390
VCAM1,CYCLOSPORINE,,ENSG00000162692
XIAP,AEG40826,inhibitor,ENSG00000101966
CCL17,INFLIXIMAB,,ENSG00000102970
LEPR,simvastatin,,ENSG00000116678
MEN1,PIRENOXINE,,ENSG00000133895
MITF,DNDI1416969,,ENSG00000187098
ENOSF1,methotrexate,,ENSG00000132199
TUBA3E,LARGAZOLE,,ENSG00000152086
TUBA3E,4-(PHENYLCARBAMOYL)BENZYLNITRATE,,ENSG00000152086
KCNQ2,AMIFAMPRIDINE PHOSPHATE,blocker,ENSG00000075043
FBXW7,Temsirolimus,,ENSG00000109670
SELPLG,NEIHULIZUMAB,inhibitor,ENSG00000110876
SPSB2,methylphenidate,,ENSG00000111671
UGT1A7,mycophenolic acid,,ENSG00000244122
IL17A,SECUKINUMAB,inhibitor,ENSG00000112115
MITF,GNF-PF-3951,,ENSG00000187098
IMPDH2,mycophenolic acid,,ENSG00000178035
ADA,COFORMYCIN,inhibitor,ENSG00000196839
RPL37,CYCLOHEXIMIDE,inhibitor,ENSG00000145592
NRIP1,RETINOIDS,,ENSG00000180530
MAPK6,sorafenib,,ENSG00000069956
P2RY2,DENUFOSOL TETRASODIUM,agonist,ENSG00000175591
IL17F,IL-17,,ENSG00000112116
XIAP,PROTEASOME INHIBITOR,,ENSG00000101966
MITF,NSC-645827,,ENSG00000187098
RPL37,ATALUREN,modulator,ENSG00000145592
IL17A,VUNAKIZUMAB,inhibitor,ENSG00000112115
TUBB2A,CROLIBULIN,inhibitor,ENSG00000137267
IL17A,PERAKIZUMAB,inhibitor,ENSG00000112115
MITF,NIFUROXAZIDE,,ENSG00000187098
BAP1,VALPROIC ACID,,ENSG00000163930
HAS3,HYDROCORTISONE,,ENSG00000103044
HMBS,givosiran,,ENSG00000256269
ADA,ANTIMALARIALS,,ENSG00000196839
KCNQ2,NERISPIRDINE,blocker,ENSG00000075043
GRIN2C,ESKETAMINE HYDROCHLORIDE,negative modulator,ENSG00000161509
RHOB,TRIMETHYL-[3-(TETRADECANE-1-SULFONYLAMINO)-PROPYL]-AMMONIUM IODIDE,,ENSG00000143878
FAS,VITAMIN K,,ENSG00000026103
STK11,MK2206,,ENSG00000118046
HGF,THALIDOMIDE,,ENSG00000019991
KCNQ1,DOLASETRON,,ENSG00000053918
MTHFR,prednisolone,,ENSG00000177000
CRHR1,fluoxetine,,ENSG00000120088
TUBB2A,TISOTUMAB VEDOTIN,inhibitor,ENSG00000137267
UGT1A7,acetaminophen,,ENSG00000244122
TUBB2A,VINBLASTINE,,ENSG00000137267
MEN1,CHLORHEXIDINE HYDROCHLORIDE,,ENSG00000133895
STK11,Sirolimus,,ENSG00000118046
PLD2,TAMOXIFEN,,ENSG00000129219
FGF6,BUPIVACAINE,,ENSG00000111241
KCNQ1,vildagliptin,,ENSG00000053918
MTHFR,levodopa,,ENSG00000177000
APLNR,APELIN,agonist,ENSG00000134817
MEN1,NSC-317605,,ENSG00000133895
STK11,Vistusertib,,ENSG00000118046
CD86,BELATACEPT,inhibitor,ENSG00000114013
MTHFR,ZINC SULFATE,,ENSG00000177000
TCL1A,estradiol,,ENSG00000100721
IL23A,GUSELKUMAB,inhibitor,ENSG00000110944
KCNQ2,EZOGABINE,,ENSG00000075043
BAP1,PANOBINOSTAT,,ENSG00000163930
MTHFR,carboplatin,,ENSG00000177000
MAP2K4,AZD6244,inhibitor,ENSG00000065559
STK11,Avelumab,,ENSG00000118046
L3MBTL1,NSC-175743,,ENSG00000185513
XIAP,LCL161,inhibitor,ENSG00000101966
FIP1L1,meperidine,,ENSG00000145216
ADA,METHOTREXATE,,ENSG00000196839
CRHR1,CRINECERFONT,inhibitor,ENSG00000120088
CDK12,Veliparib,,ENSG00000167258
IRAK4,GNF-PF-3023,,ENSG00000198001
MEN1,NITROBLUE TETRAZOLIUM,,ENSG00000133895
PSMC3,CARFILZOMIB,other/unknown,ENSG00000165916
MAP2K4,GDC-0973,inhibitor,ENSG00000065559
NQO1,etoposide,,ENSG00000181019
POU2F2,LINAGLIPTIN,,ENSG00000028277
LEPR,valproic acid,,ENSG00000116678
NRIP1,RETINOIC ACID,,ENSG00000180530
L3MBTL1,"5-CHLORO-[1,10]PHENANTHROLINE",,ENSG00000185513
FBXW7,JQ1,,ENSG00000109670
SLC12A3,torasemide,,ENSG00000070915
NDUFC1,NV-128,inhibitor,ENSG00000109390
PGM1,ethanol,,ENSG00000079739
UHRF1,gefitinib,,ENSG00000276043
XIAP,BORTEZOMIB,,ENSG00000101966
STK11,Gedatolisib,,ENSG00000118046
L3MBTL1,NSC-3323,,ENSG00000185513
NME1,LYCOPENE,,ENSG00000239672
ATRX,PCV REGIMEN,,ENSG00000085224
PLD2,HALOPEMIDE,,ENSG00000129219
NME1,tenofovir,,ENSG00000239672
RPL15,ATALUREN,modulator,ENSG00000174748
MT-RNR1,aminoglycoside antibacterials,,ENSG00000211459
STK11,Talazoparib,,ENSG00000118046
SLC5A2,HENAGLIFLOZIN,inhibitor,ENSG00000140675
NME1,adefovir dipivoxil,,ENSG00000239672
ADA,NG-MONOMETHYL-L-ARGININE,,ENSG00000196839
CRHR1,clomipramine,,ENSG00000120088
CBS,Arsenic compounds,,ENSG00000160200
FAS,CYCLOPHOSPHAMIDE,,ENSG00000026103
BAP1,SUNITINIB,,ENSG00000163930
SLC5A2,DAPAGLIFLOZIN PROPYLENE GLYCOL,inhibitor,ENSG00000140675
PSMC3,BORTEZOMIB,other/unknown,ENSG00000165916
SLC12A3,CHLOROTHIAZIDE,inhibitor,ENSG00000070915
MTHFR,olanzapine,,ENSG00000177000
KCNH8,NERISPIRDINE,blocker,ENSG00000183960
CDK12,RONICICLIB,inhibitor,ENSG00000167258
IL23A,EBDAROKIMAB,inhibitor,ENSG00000110944
CRHR1,EMICERFONT,inhibitor,ENSG00000120088
IBSP,CYCLOSPORIN A,,ENSG00000029559
XIAP,TRAIL,,ENSG00000101966
UGT1A7,ondansetron,,ENSG00000244122
PSMD9,CARFILZOMIB,other/unknown,ENSG00000110801
SLC25A5,TRICHOSTATIN A,,ENSG00000005022
VCAM1,TROGLITAZONE,,ENSG00000162692
IMPDH2,MIZORIBINE,inhibitor,ENSG00000178035
IL17F,M-1095,inhibitor,ENSG00000112116
KCNH1,DALFAMPRIDINE,blocker,ENSG00000143473
HCN1,o-desmethyltramadol,,ENSG00000164588
CTSC,CALCIUM GLUCONATE,,ENSG00000109861
MTHFR,OXALIPLATIN,,ENSG00000177000
NQO1,methotrexate,,ENSG00000181019
LEPR,atorvastatin,,ENSG00000116678
RBX1,IBERDOMIDE,modulator,ENSG00000100387
NDUFC1,METFORMIN HYDROCHLORIDE,inhibitor,ENSG00000109390
FASLG,cisplatin,,ENSG00000117560
GAPVD1,interferon beta-1a,,ENSG00000165219
FBXW7,AZD7762,,ENSG00000109670
GABPA,DOX,,ENSG00000154727
KCNH8,GUANIDINE HYDROCHLORIDE,blocker,ENSG00000183960
SLCO1A2,tamoxifen,,ENSG00000084453
IMPDH2,MYCOPHENOLATE MOFETIL,inhibitor,ENSG00000178035
FASN,ANTINEOPLASTIC,,ENSG00000169710
ENOSF1,3TC,,ENSG00000132199
NQO1,TYROSINE KINASE INHIBITORS,,ENSG00000181019
CRHR1,VERUCERFONT,inhibitor,ENSG00000120088
CD86,INDOMETHACIN,,ENSG00000114013
CRHR1,MAO inhibitors,,ENSG00000120088
CCL17,TUMOR NECROSIS FACTOR-BETA,,ENSG00000102970
ENOSF1,fluorouracil,,ENSG00000132199
IRAK4,PF-562271,,ENSG00000198001
MTHFR,nitrous oxide,,ENSG00000177000
RHOB,NSC-126188,,ENSG00000143878
CCL17,LORATADINE,,ENSG00000102970
C5AR1,AVDORALIMAB,inhibitor,ENSG00000197405
RPL37,MT-3724,inhibitor,ENSG00000145592
CFAP44,hmg coa reductase inhibitors,,ENSG00000206530
XIAP,AT-406,inhibitor,ENSG00000101966
FASN,PENTABROMOPHENOL,,ENSG00000169710
ENOSF1,AZT,,ENSG00000132199
IL23A,BRAZIKUMAB,inhibitor,ENSG00000110944
RBX1,cyclophosphamide,,ENSG00000100387
NQO1,DOX,,ENSG00000181019
PRKAG1,METFORMIN,,ENSG00000181929
KCNQ1,TEDISAMIL,blocker,ENSG00000053918
KCNH1,AMIFAMPRIDINE PHOSPHATE,blocker,ENSG00000143473
KCNQ1,AMIFAMPRIDINE,blocker,ENSG00000053918
MTNR1B,TASIMELTEON,agonist,ENSG00000134640
KCNQ1,sitagliptin,,ENSG00000053918
MGLL,N-PHENYLMALEIMIDE,,ENSG00000074416
DDB1,THALIDOMIDE,inhibitor,ENSG00000167986
IL23A,RISANKIZUMAB,inhibitor,ENSG00000110944
XIAP,FLAVOPIRIDOL,,ENSG00000101966
P2RY2,ISO-IANTHERAN A,,ENSG00000175591
CDH15,aspirin,,ENSG00000129910
FASN,LORGLUMIDE SODIUM,,ENSG00000169710
ALDH1L1,methionine,,ENSG00000144908
GRIN2C,FELBAMATE,inhibitor,ENSG00000161509
UGT1A7,NICOTINE,,ENSG00000244122
GABPA,CSA,,ENSG00000154727
FPR2,N-FORMYLMETHIONYL-LEUCYLPHENYLALANINE,,ENSG00000171049
ADIPOQ,NEVIRAPINE,,ENSG00000181092
FAS,CISPLATIN,,ENSG00000026103
BAP1,VORINOSTAT,,ENSG00000163930
NME1,lamivudine,,ENSG00000239672
ATRX,CISPLATIN,,ENSG00000085224
IBSP,INSULIN,,ENSG00000029559
TSPYL2,SODIUM BUTYRATE,,ENSG00000184205
HGF,EQUINE CHORIONIC GONADOTROPIN,,ENSG00000019991
APOC3,pegaspargase,,ENSG00000110245
GADD45A,CHELATORS,,ENSG00000116717
PGM1,acetaldehyde,,ENSG00000079739
TRIB2,allopurinol,,ENSG00000071575
GRIN2C,NEBOGLAMINE,positive modulator,ENSG00000161509
APOC3,ritonavir,,ENSG00000110245
ADA,COBALT,,ENSG00000196839
BAP1,EVEROLIMUS,,ENSG00000163930
IL17F,IL-6,,ENSG00000112116
ALOX5AP,gemcitabine,,ENSG00000132965
SLC12A3,QUINETHAZONE,inhibitor,ENSG00000070915
FASN,SJ000189154,,ENSG00000169710
NQO1,ORAL CONTRACEPTIVE,,ENSG00000181019
GRIN2C,ESKETAMINE,negative modulator,ENSG00000161509
IRAK4,DASATINIB,,ENSG00000198001
SLC12A3,bumetanide,,ENSG00000070915
ADA,RECOMBINANT INTERLEUKIN,,ENSG00000196839
IL17F,ustekinumab,,ENSG00000112116
HGF,IL-1,,ENSG00000019991
NQO1,HYDROQUINONE,,ENSG00000181019
SLCO1A2,hmg coa reductase inhibitors,,ENSG00000084453
GRIN2C,APIMOSTINEL,agonist,ENSG00000161509
HGF,RESERPINE,,ENSG00000019991
CD86,PAMIDRONATE,,ENSG00000114013
MAP2K4,ethanol,,ENSG00000065559
FASN,GNF-PF-2133,,ENSG00000169710
LEPR,antipsychotics,,ENSG00000116678
FPR2,AG-09/96,,ENSG00000171049
CBS,VITAMIN B6,,ENSG00000160200
VCAM1,DEXAMETHASONE,,ENSG00000162692
APOC3,protease inhibitors,,ENSG00000110245
SLC5A2,REMOGLIFLOZIN ETABONATE,inhibitor,ENSG00000140675
GADD45A,NB1011,,ENSG00000116717
CCL17,DNCB,,ENSG00000102970
GRIN2C,PMA,,ENSG00000161509
ALOX5AP,FIBOFLAPON SODIUM,inhibitor,ENSG00000132965
GABPA,CISPLATIN,,ENSG00000154727
KCNA3,AMIFAMPRIDINE PHOSPHATE,blocker,ENSG00000177272
ADA,L-DOPA,,ENSG00000196839
NPR2,VOSORITIDE,binder,ENSG00000159899
CDK12,AZD-5438,inhibitor,ENSG00000167258
PSMC3,OPROZOMIB,inhibitor,ENSG00000165916
SLC12A3,BENDROFLUMETHIAZIDE,inhibitor,ENSG00000070915
NT5C1A,fluorouracil,,ENSG00000116981
CDK12,Olaparib,,ENSG00000167258
CYP2A13,nnk,,ENSG00000197838
PDE6G,PENTOXIFYLLINE,inhibitor,ENSG00000185527
FASN,BI-87E7,,ENSG00000169710
DDB1,LENALIDOMIDE,inhibitor,ENSG00000167986
FBXW7,SIROLIMUS,,ENSG00000109670
FASN,GNF-PF-2262,,ENSG00000169710
IGF1,DUSIGITUMAB,inhibitor,ENSG00000017427
SLCO1A2,imatinib,,ENSG00000084453
IL17F,TNF-ALPHA,,ENSG00000112116
ADA,GARLIC,,ENSG00000196839
IGF1,XENTUZUMAB,inhibitor,ENSG00000017427
ATP1A4,DESLANOSIDE,inhibitor,ENSG00000132681
FBXW7,Sirolimus,,ENSG00000109670
IRAK4,RG-1530,,ENSG00000198001
RBX1,LENALIDOMIDE,inhibitor,ENSG00000100387
ADIPOQ,INSULIN,,ENSG00000181092
HGF,EGCG,,ENSG00000019991
P2RY2,9-CIS-RETINOIC ACID,,ENSG00000175591
HGF,RHGH,,ENSG00000019991
TSPYL2,TGFBETA1,,ENSG00000184205
THBS2,BEVACIZUMAB,,ENSG00000186340
FKBP5,glucocorticoids,,ENSG00000096060
FAS,DAUNORUBICIN,,ENSG00000026103
TCL1A,exemestane,,ENSG00000100721
SLC12A3,HYDROFLUMETHIAZIDE,inhibitor,ENSG00000070915
MT-RNR1,neomycin,,ENSG00000211459
SLCO1A2,TESTOSTERONE,,ENSG00000084453
KCNH8,DALFAMPRIDINE,blocker,ENSG00000183960
FBXW7,Birabresib,,ENSG00000109670
SLC5A2,IPRAGLIFLOZIN,inhibitor,ENSG00000140675
MME,SACUBITRIL,inhibitor,ENSG00000196549
FAS,BCG,,ENSG00000026103
SLC5A2,BEXAGLIFLOZIN,inhibitor,ENSG00000140675
MME,RACECADOTRIL,inhibitor,ENSG00000196549
SLC12A3,HYDROCHLOROTHIAZIDE,inhibitor,ENSG00000070915
KCND3,DALFAMPRIDINE,blocker,ENSG00000171385
IMPDH2,MYCOPHENOLATE MOFETIL HYDROCHLORIDE,inhibitor,ENSG00000178035
CDK12,Rucaparib,,ENSG00000167258
SLC4A8,ethanol,,ENSG00000050438
HAS3,RETINOIC ACID,,ENSG00000103044
RBX1,epirubicin,,ENSG00000100387
SRSF2,CTX-712,,ENSG00000161547
FIP1L1,Imatinib,,ENSG00000145216
SIRT4,PANOBINOSTAT,inhibitor,ENSG00000089163
ALOX5AP,FIBOFLAPON,inhibitor,ENSG00000132965
MAP2K4,PD 0325901,inhibitor,ENSG00000065559
SLC12A3,CYCLOTHIAZIDE,inhibitor,ENSG00000070915
P2RY2,ATRA,,ENSG00000175591
UGT1A7,acetaminophen glucuronide,,ENSG00000244122
BAP1,OLAPARIB,,ENSG00000163930
MAP3K8,TILPISERTIB,inhibitor,ENSG00000107968
IRAK4,GO-6976,,ENSG00000198001
MT-RNR1,paromomycin,,ENSG00000211459
IMPDH2,MYCOPHENOLIC ACID,inhibitor,ENSG00000178035
RPL37,DORLIMOMAB ARITOX,inhibitor,ENSG00000145592
KCNQ2,FLINDOKALNER,activator,ENSG00000075043
IRAK4,GW441756X,,ENSG00000198001
CCL17,FEXOFENADINE HYDROCHLORIDE,,ENSG00000102970
MOCS1,fosdenopterin,,ENSG00000124615
ATRX,AZ20,,ENSG00000085224
CCL17,POLY IC,,ENSG00000102970
PSMC3,IXAZOMIB CITRATE,inhibitor,ENSG00000165916
SLCO1A2,HORMONES,,ENSG00000084453
NT5C1A,gemcitabine,,ENSG00000116981
ATRX,TALAZOPARIB,,ENSG00000085224
APOC3,"Antivirals for treatment of HIV infections, combinations",,ENSG00000110245
CDK12,RP-3500,,ENSG00000167258
CD27,PROTEASE INHIBITORS,,ENSG00000139193
IL23A,MIRIKIZUMAB,inhibitor,ENSG00000110944
IMPDH2,AVN-944,inhibitor,ENSG00000178035
KCNH8,AMIFAMPRIDINE PHOSPHATE,blocker,ENSG00000183960
PSMC3,BORTEZOMIB,inhibitor,ENSG00000165916
RPL15,DORLIMOMAB ARITOX,inhibitor,ENSG00000174748
SSTR4,LUTETIUM DOTATATE LU-177,binder,ENSG00000132671
IL23A,USTEKINUMAB,inhibitor,ENSG00000110944
NHLH1,cisplatin,,ENSG00000171786
CD86,PROTEASOME INHIBITOR,,ENSG00000114013
RBX1,THALIDOMIDE,inhibitor,ENSG00000100387
TMX2,ethanol,,ENSG00000213593
ENOSF1,ANTIVIRAL,,ENSG00000132199
MAP2K4,TRAMETINIB,inhibitor,ENSG00000065559
IL17F,BIMEKIZUMAB,inhibitor,ENSG00000112116
THBS2,ADRENOCORTICOTROPIC HORMONE,,ENSG00000186340
ATP1A4,DIGOXIN,inhibitor,ENSG00000132681
CDK12,unspecified PD-1 antibody,,ENSG00000167258
CTSC,PENTOSAN POLYSULFATE,,ENSG00000109861
CCL17,IMMUNOSUPPRESSIVE,,ENSG00000102970
FKBP5,nefazodone,,ENSG00000096060
CYP2A13,coumarin,,ENSG00000197838
MGLL,OCTHILINONE,,ENSG00000074416
SLC5A2,ERTUGLIFLOZIN,inhibitor,ENSG00000140675
ADCY5,NSC-270718,,ENSG00000173175
FKBP5,escitalopram,,ENSG00000096060
MME,ILEPATRIL,inhibitor,ENSG00000196549
DAO,3-HYDROXYCOUMARIN,,ENSG00000110887
LEPR,setmelanotide,,ENSG00000116678
DAO,"5-CARBOXYFURO[3,2-B]PYRROLE",,ENSG00000110887
MYL7,MAVACAMTEN,inhibitor,ENSG00000106631
KCNH1,AMIFAMPRIDINE,blocker,ENSG00000143473
CD82,NERVE GROWTH FACTOR,,ENSG00000085117
CD27,VARLILUMAB,agonist,ENSG00000139193
KCNQ2,TEDISAMIL,blocker,ENSG00000075043
MME,"Ace Inhibitors, Plain",,ENSG00000196549
FIP1L1,imatinib,,ENSG00000145216
MGLL,ELCUBRAGISTAT,inhibitor,ENSG00000074416
KISS1R,BENZETHONIUM CHLORIDE,,ENSG00000116014
P2RY2,CARBACHOL,,ENSG00000175591
MT-RNR1,isepamicin,,ENSG00000211459
CDH2,radiotherapy,,ENSG00000170558
PARD3B,oxaliplatin,,ENSG00000116117
FGF14,methotrexate,,ENSG00000102466
IMPDH2,THIOGUANINE,inhibitor,ENSG00000178035
PARD3B,fluorouracil,,ENSG00000116117
GLO1,N-METHYLFORMAMIDE,,ENSG00000124767
DAO,THIOPHENE-3-CARBOXYLIC ACID,,ENSG00000110887
IL23A,ustekinumab,,ENSG00000110944
RAMP2,PRAMLINTIDE ACETATE,agonist,ENSG00000131477
DHCR24,TRIPARANOL,inhibitor,ENSG00000116133
SLC5A2,SOTAGLIFLOZIN,inhibitor,ENSG00000140675
CLU,PMSG,,ENSG00000120885
KCNQ2,celecoxib,,ENSG00000075043
IL23A,TILDRAKIZUMAB,inhibitor,ENSG00000110944
MGLL,"1,4-BIS(MALIMIDO)XYLENE",,ENSG00000074416
IBSP,TNF-ALPHA,,ENSG00000029559
CD86,ANTIHISTAMINE,,ENSG00000114013
CCDC148,exemestane,,ENSG00000153237
IMPDH2,MYCOPHENOLATE SODIUM,inhibitor,ENSG00000178035
CBS,l-methionine,,ENSG00000160200
CD86,ROXITHROMYCIN,,ENSG00000114013
SEMA4D,PEPINEMAB,inhibitor,ENSG00000187764
ATP1A4,ISTAROXIME,inhibitor,ENSG00000132681
SLCO1A2,nadolol,,ENSG00000084453
VCAM1,PHORBOL MYRISTATE ACETATE,,ENSG00000162692
SIK3,hmg coa reductase inhibitors,,ENSG00000160584
SLC5A2,YM-543,inhibitor,ENSG00000140675
GADD45A,WORTMANNIN,,ENSG00000116717
HCP5,nevirapine,,ENSG00000206337
TSPYL2,RETINOIC ACID,,ENSG00000184205
ATP1A4,LANATOSIDE C,inhibitor,ENSG00000132681
ATP1A4,DIGITOXIN,inhibitor,ENSG00000132681
KCND3,VERNAKALANT HYDROCHLORIDE,blocker,ENSG00000171385
ATRX,VE-821,,ENSG00000085224
MAP3K12,CEP-1347,inhibitor,ENSG00000139625
PHC1,capecitabine,,ENSG00000111752
CD86,KINASE INHIBITOR,,ENSG00000114013
FASLG,ANGIOTENSIN CONVERTING ENZYME INHIBITOR,,ENSG00000117560
TSPYL2,BROMODEOXYURIDINE,,ENSG00000184205
DIAPH3,hydrochlorothiazide,,ENSG00000139734
MTNR1B,AGOMELATINE,agonist,ENSG00000134640
ADIPOQ,SPIRONOLACTONE,,ENSG00000181092
COL4A4,OCRIPLASMIN,cleavage,ENSG00000081052
DCT,FUNGIZONE,,ENSG00000080166
CTSD,STREPTOZOTOCIN,,ENSG00000117984
IBSP,DAIDZEIN,,ENSG00000029559
KCNQ2,EZOGABINE,potentiator,ENSG00000075043
CBS,methionine,,ENSG00000160200
FPR2,AG-22,,ENSG00000171049
KCNA3,DALFAMPRIDINE,blocker,ENSG00000177272
FKBP5,bupropion,,ENSG00000096060
CCDC148,letrozole,,ENSG00000153237
MGLL,URB597,,ENSG00000074416
ALDH1L1,methylphenidate,,ENSG00000144908
LEPR,METRELEPTIN,agonist,ENSG00000116678
FIP1L1,mepolizumab,,ENSG00000145216
SSTR4,OCTREOTIDE ACETATE,agonist,ENSG00000132671
KCNH1,GUANIDINE HYDROCHLORIDE,blocker,ENSG00000143473
RPL15,CYCLOHEXIMIDE,inhibitor,ENSG00000174748
AGXT,lumasiran,,ENSG00000172482
PSMD9,BORTEZOMIB,other/unknown,ENSG00000110801
CDH2,glucocorticoids,,ENSG00000170558
HOXD1,RETINOIC ACID,,ENSG00000128645
MTNR1B,PIROMELATINE,agonist,ENSG00000134640
KCNA3,TEDISAMIL,blocker,ENSG00000177272
S100A12,MTX,,ENSG00000163221
MTNR1B,MELATONIN,agonist,ENSG00000134640
ALOX5AP,IL-3,,ENSG00000132965
CTSC,BRENSOCATIB,inhibitor,ENSG00000109861
GZMB,HEXACHLOROPHENE,,ENSG00000100453
PSMC3,CARFILZOMIB,inhibitor,ENSG00000165916
DDB1,IBERDOMIDE,modulator,ENSG00000167986
MT-RNR1,hygromycin b,,ENSG00000211459
UHRF1,erlotinib,,ENSG00000276043
FASLG,doxorubicin,,ENSG00000117560
TSPAN5,serotonin,,ENSG00000168785
IBSP,ZOLEDRONIC ACID,,ENSG00000029559
KCNA3,NERISPIRDINE,blocker,ENSG00000177272
FKBP5,lithium,,ENSG00000096060
IL11RA,OPRELVEKIN,agonist,ENSG00000137070
PRKAG1,SAPONARIN,,ENSG00000181929
RPL15,MT-3724,inhibitor,ENSG00000174748
KCNH1,TEDISAMIL,blocker,ENSG00000143473
FASLG,TUMOR NECROSIS FACTOR-BETA,,ENSG00000117560
CDH2,methotrexate,,ENSG00000170558
ATRX,FLUOROURACIL,,ENSG00000085224
C3AR1,SB-290157,,ENSG00000171860
KCNH8,AMIFAMPRIDINE,blocker,ENSG00000183960
IL17F,ALUM,,ENSG00000112116
HCP5,carboplatin,,ENSG00000206337
MT-RNR1,dihydrostreptomycin,,ENSG00000211459
KCNH1,NERISPIRDINE,blocker,ENSG00000143473
RBX1,POMALIDOMIDE,inhibitor,ENSG00000100387
KCND3,AMIFAMPRIDINE,blocker,ENSG00000171385
HMBS,Givosiran,,ENSG00000256269
ATRX,TEMOZOLOMIDE,,ENSG00000085224
SRSF2,H3B-8800,,ENSG00000161547
PRKAG1,metformin,,ENSG00000181929
MYL7,DANICAMTIV,activator,ENSG00000106631
ADIPOQ,FENOFIBRATE,,ENSG00000181092
SSTR4,SOMATOSTATIN,agonist,ENSG00000132671
NT5C1A,cladribine,,ENSG00000116981
GAPVD1,interferon beta-1b,,ENSG00000165219
FPR2,AG-26,,ENSG00000171049
DDB1,POMALIDOMIDE,inhibitor,ENSG00000167986
CBS,betaine,,ENSG00000160200
FKBP5,clozapine,,ENSG00000096060
LPO,DEXTRAN SULFATE SODIUM,,ENSG00000167419
NPR2,CARPERITIDE,agonist,ENSG00000159899
MYL7,OMECAMTIV MECARBIL,activator,ENSG00000106631
MT-RNR1,plazomicin,,ENSG00000211459
FKBP5,corticosteroids,,ENSG00000096060
BAP1,APITOLISIB,,ENSG00000163930
MAP2K4,SELUMETINIB,inhibitor,ENSG00000065559
HCN1,tramadol,,ENSG00000164588
LPO,DIETHYLSTILBESTROL,,ENSG00000167419
KCNA3,GUANIDINE HYDROCHLORIDE,blocker,ENSG00000177272
KLF4,hydroxyurea,,ENSG00000136826
UHRF1,afatinib,,ENSG00000276043
IHH,TGFBETA1,,ENSG00000163501
IL17F,GRANULOCYTE COLONY-STIMULATING FACTOR,,ENSG00000112116
VCAM1,PMA,,ENSG00000162692
RBX1,fluorouracil,,ENSG00000100387
ALDH1L1,l-methionine,,ENSG00000144908
SIK3,"Antivirals for treatment of HIV infections, combinations",,ENSG00000160584
NME1,zidovudine,,ENSG00000239672
GABPA,QUERCETIN,,ENSG00000154727
S100A12,METHOTREXATE,,ENSG00000163221
VCAM1,6-MERCAPTOPURINE,,ENSG00000162692
MT-RNR1,micronomicin,,ENSG00000211459
CLU,OGX-011,inhibitor,ENSG00000120885
SSTR4,lutetium (177Lu) oxodotreotide,,ENSG00000132671
P2RY2,DIQUAFOSOL TETRASODIUM,agonist,ENSG00000175591
BAP1,TRICHOSTATIN A,,ENSG00000163930
CLOCK,salbutamol,,ENSG00000134852
LEPR,MIBAVADEMAB,agonist,ENSG00000116678
COL4A4,COLLAGENASE CLOSTRIDIUM HISTOLYTICUM,cleavage,ENSG00000081052
RPL15,ELX-02,modulator,ENSG00000174748
GLO1,2-(4-METHOXYBENZAMIDO)BENZOIC ACID,,ENSG00000124767
SLCO1A2,celiprolol,,ENSG00000084453
GADD45A,CISPLATIN,,ENSG00000116717
HCP5,gemcitabine,,ENSG00000206337
DAO,BENZOIC ACID,,ENSG00000110887
MAP2K4,BAY869766,inhibitor,ENSG00000065559
HAS3,anthracyclines and related substances,,ENSG00000103044
CDH2,methadone,,ENSG00000170558
CDH15,clopidogrel,,ENSG00000129910
KCND3,GUANIDINE HYDROCHLORIDE,blocker,ENSG00000171385
KCNH8,TEDISAMIL,blocker,ENSG00000183960
ALOX5AP,VELIFLAPON,inhibitor,ENSG00000132965
MTNR1B,RAMELTEON,agonist,ENSG00000134640
C5AR1,AVACOPAN,inhibitor,ENSG00000197405
RPL37,ELX-02,modulator,ENSG00000145592
FFAR2,GLPG-0974,inhibitor,ENSG00000126262
AGXT,nedosiran,,ENSG00000172482
CTSC,PROGESTERONE,,ENSG00000109861
ATRX,OLAPARIB,,ENSG00000085224
